team_name,age,w,l,ortg,drtg,ftr,3par,ts%,efg%,tov%,orb%,ft/fga,efg%_def,tov%_def,drb%,ft/fga_def,season,wp
san_antonio_spurs,29.5,58.0,24.0,106.6,98.0,0.374,0.175,0.541,0.496,13.6,27.1,0.267,0.444,12.9,73.7,0.182,2000,0.7073170731707317
sacramento_kings,27.1,55.0,27.0,105.6,99.6,0.298,0.19399999999999998,0.529,0.484,13.4,27.2,0.23,0.46,14.5,70.7,0.18100000000000002,2000,0.6707317073170732
utah_jazz,32.0,53.0,29.0,107.6,102.4,0.363,0.135,0.546,0.49700000000000005,15.1,30.2,0.273,0.473,15.6,73.2,0.301,2000,0.6463414634146342
dallas_mavericks,26.6,53.0,29.0,107.1,102.6,0.29100000000000004,0.20199999999999999,0.544,0.498,13.1,24.1,0.231,0.467,14.2,70.7,0.244,2000,0.6463414634146342
portland_trail_blazers,30.1,50.0,32.0,106.5,101.8,0.29600000000000004,0.165,0.539,0.49700000000000005,14.8,30.0,0.225,0.47,14.3,72.4,0.223,2000,0.6097560975609756
los_angeles_lakers,29.2,56.0,26.0,108.4,104.8,0.349,0.191,0.535,0.498,13.3,31.1,0.23800000000000002,0.46799999999999997,12.2,72.5,0.23399999999999999,2000,0.6829268292682927
philadelphia_76ers,28.2,56.0,26.0,103.6,98.9,0.35100000000000003,0.124,0.518,0.46799999999999997,14.7,31.2,0.262,0.46,14.5,72.5,0.18600000000000003,2000,0.6829268292682927
milwaukee_bucks,28.2,52.0,30.0,108.8,104.6,0.276,0.218,0.542,0.499,12.8,28.1,0.217,0.473,14.4,71.1,0.253,2000,0.6341463414634146
houston_rockets,26.7,45.0,37.0,106.7,104.2,0.321,0.217,0.5379999999999999,0.49200000000000005,14.0,27.5,0.244,0.475,12.6,71.9,0.20600000000000002,2000,0.5487804878048781
phoenix_suns,28.6,51.0,31.0,100.3,98.0,0.292,0.156,0.506,0.46,14.1,27.3,0.221,0.46,16.3,73.7,0.252,2000,0.6219512195121951
new_york_knicks,29.8,48.0,34.0,101.2,98.2,0.27899999999999997,0.18,0.523,0.47600000000000003,14.6,24.2,0.222,0.45299999999999996,14.7,74.3,0.24,2000,0.5853658536585366
minnesota_timberwolves,27.4,47.0,35.0,105.2,103.7,0.253,0.131,0.523,0.48200000000000004,13.0,28.6,0.19899999999999998,0.478,14.2,71.9,0.23800000000000002,2000,0.573170731707317
miami_heat,30.9,50.0,32.0,101.1,98.5,0.299,0.221,0.515,0.469,13.7,24.3,0.22699999999999998,0.46,15.3,72.7,0.214,2000,0.6097560975609756
toronto_raptors,29.9,47.0,35.0,105.9,103.4,0.285,0.16699999999999998,0.51,0.46799999999999997,12.1,30.8,0.213,0.47600000000000003,13.3,73.2,0.212,2000,0.573170731707317
charlotte_hornets,28.2,46.0,36.0,101.8,99.5,0.33,0.151,0.506,0.457,13.7,29.8,0.24600000000000002,0.456,14.1,74.5,0.222,2000,0.5609756097560976
seattle_supersonics,27.9,44.0,38.0,105.6,105.6,0.299,0.17600000000000002,0.53,0.491,14.3,29.1,0.21899999999999997,0.488,13.9,69.8,0.19899999999999998,2000,0.5365853658536586
orlando_magic,26.0,43.0,39.0,103.2,102.1,0.301,0.196,0.513,0.474,13.8,29.1,0.215,0.46399999999999997,15.6,69.8,0.29,2000,0.524390243902439
indiana_pacers,27.7,41.0,41.0,102.0,102.2,0.312,0.18,0.519,0.47100000000000003,14.5,27.0,0.239,0.452,12.8,71.4,0.235,2000,0.5
denver_nuggets,27.9,40.0,42.0,103.7,106.3,0.28600000000000003,0.21,0.511,0.47,12.8,28.3,0.21100000000000002,0.47600000000000003,12.1,71.8,0.223,2000,0.4878048780487805
detroit_pistons,27.1,32.0,50.0,100.0,101.8,0.325,0.162,0.498,0.45299999999999996,14.2,29.3,0.23399999999999999,0.466,14.0,72.2,0.233,2000,0.3902439024390244
los_angeles_clippers,24.3,31.0,51.0,101.3,104.5,0.319,0.16399999999999998,0.514,0.47600000000000003,14.9,28.3,0.221,0.466,12.0,71.1,0.217,2000,0.3780487804878049
boston_celtics,25.9,36.0,46.0,101.4,103.7,0.33799999999999997,0.252,0.521,0.473,14.7,25.3,0.25,0.493,16.0,72.7,0.256,2000,0.43902439024390244
cleveland_cavaliers,26.9,30.0,52.0,100.3,104.9,0.312,0.10099999999999999,0.509,0.45899999999999996,15.4,29.7,0.239,0.47700000000000004,14.1,71.1,0.248,2000,0.36585365853658536
vancouver_grizzlies,26.2,23.0,59.0,99.6,105.8,0.289,0.145,0.51,0.46399999999999997,14.9,26.1,0.223,0.491,13.8,69.8,0.19399999999999998,2000,0.2804878048780488
new_jersey_nets,27.5,26.0,56.0,100.0,105.5,0.32799999999999996,0.165,0.504,0.452,13.9,25.7,0.249,0.488,14.9,70.0,0.258,2000,0.3170731707317073
atlanta_hawks,26.1,25.0,57.0,98.7,104.3,0.272,0.14,0.5,0.456,15.5,28.9,0.20600000000000002,0.47200000000000003,13.8,70.8,0.249,2000,0.3048780487804878
washington_wizards,27.0,19.0,63.0,100.6,107.8,0.348,0.131,0.514,0.46,15.7,29.7,0.264,0.503,14.1,71.8,0.23600000000000002,2000,0.23170731707317074
golden_state_warriors,26.6,17.0,65.0,97.8,107.4,0.282,0.134,0.47,0.429,13.9,33.3,0.19899999999999998,0.504,15.0,69.7,0.22699999999999998,2000,0.2073170731707317
chicago_bulls,23.2,15.0,67.0,97.2,107.3,0.298,0.14800000000000002,0.495,0.45,15.1,26.6,0.22,0.499,14.3,70.3,0.254,2000,0.18292682926829268
sacramento_kings,27.0,61.0,21.0,109.0,101.1,0.308,0.166,0.539,0.49700000000000005,12.4,27.9,0.231,0.467,13.6,71.7,0.185,2001,0.7439024390243902
los_angeles_lakers,27.9,58.0,24.0,109.4,101.7,0.313,0.21,0.534,0.498,11.8,28.8,0.218,0.45299999999999996,13.0,72.0,0.233,2001,0.7073170731707317
san_antonio_spurs,28.5,58.0,24.0,106.5,99.7,0.353,0.19,0.539,0.49200000000000005,13.8,27.2,0.262,0.45299999999999996,13.7,71.9,0.18899999999999997,2001,0.7073170731707317
dallas_mavericks,27.6,57.0,25.0,112.2,107.7,0.28800000000000003,0.237,0.5529999999999999,0.507,11.3,26.1,0.23199999999999998,0.485,12.9,70.7,0.239,2001,0.6951219512195121
new_jersey_nets,26.1,52.0,30.0,104.0,99.5,0.28,0.175,0.515,0.47600000000000003,13.4,29.2,0.20600000000000002,0.45899999999999996,14.9,71.6,0.213,2001,0.6341463414634146
minnesota_timberwolves,26.7,50.0,32.0,109.0,105.3,0.255,0.152,0.532,0.49,12.5,31.3,0.203,0.48200000000000004,12.7,73.7,0.218,2001,0.6097560975609756
seattle_supersonics,26.9,45.0,37.0,108.9,105.6,0.25,0.193,0.54,0.505,13.2,29.4,0.18899999999999997,0.485,14.5,68.1,0.20600000000000002,2001,0.5487804878048781
portland_trail_blazers,29.0,49.0,33.0,107.4,104.0,0.285,0.198,0.528,0.485,13.5,31.8,0.218,0.489,14.2,73.3,0.20199999999999999,2001,0.5975609756097561
boston_celtics,26.2,49.0,33.0,103.4,101.0,0.29100000000000004,0.289,0.52,0.47600000000000003,12.8,24.1,0.223,0.46399999999999997,15.1,72.9,0.245,2001,0.5975609756097561
detroit_pistons,29.5,50.0,32.0,104.8,102.4,0.31,0.24,0.54,0.49700000000000005,14.3,24.4,0.235,0.474,14.8,70.5,0.20600000000000002,2001,0.6097560975609756
philadelphia_76ers,29.0,43.0,39.0,102.1,100.3,0.327,0.111,0.507,0.452,14.6,31.7,0.255,0.46,14.2,72.1,0.20800000000000002,2001,0.524390243902439
orlando_magic,28.0,44.0,38.0,107.0,105.3,0.278,0.24100000000000002,0.5329999999999999,0.493,12.6,26.3,0.21,0.486,14.4,69.2,0.215,2001,0.5365853658536586
utah_jazz,29.9,44.0,38.0,105.6,104.6,0.381,0.132,0.529,0.47200000000000003,15.4,33.5,0.29100000000000004,0.484,15.9,71.7,0.28600000000000003,2001,0.5365853658536586
charlotte_hornets,28.3,44.0,38.0,104.3,103.3,0.32,0.151,0.513,0.466,13.3,30.6,0.23800000000000002,0.465,13.3,72.2,0.226,2001,0.5365853658536586
indiana_pacers,26.1,42.0,40.0,104.1,103.8,0.32799999999999996,0.182,0.527,0.47700000000000004,14.2,27.0,0.253,0.469,13.2,71.0,0.22699999999999998,2001,0.5121951219512195
los_angeles_clippers,24.4,39.0,43.0,105.5,106.0,0.304,0.172,0.519,0.47600000000000003,13.8,31.3,0.225,0.47700000000000004,12.1,69.9,0.19399999999999998,2001,0.47560975609756095
phoenix_suns,26.5,36.0,46.0,103.3,104.0,0.235,0.158,0.51,0.47200000000000003,13.6,30.1,0.18,0.47600000000000003,14.4,70.2,0.22699999999999998,2001,0.43902439024390244
milwaukee_bucks,28.9,41.0,41.0,106.9,107.1,0.26899999999999996,0.24100000000000002,0.544,0.507,13.6,25.6,0.201,0.47700000000000004,12.0,70.9,0.217,2001,0.5
toronto_raptors,29.3,42.0,40.0,102.6,103.1,0.255,0.165,0.501,0.46299999999999997,13.6,31.4,0.18899999999999997,0.47100000000000003,14.7,70.1,0.237,2001,0.5121951219512195
washington_wizards,27.5,37.0,45.0,104.8,106.4,0.28,0.11800000000000001,0.508,0.46399999999999997,12.5,30.7,0.214,0.484,13.0,71.4,0.214,2001,0.45121951219512196
miami_heat,30.1,36.0,46.0,98.5,100.2,0.268,0.141,0.501,0.46299999999999997,14.6,26.6,0.19399999999999998,0.455,13.6,74.0,0.249,2001,0.43902439024390244
cleveland_cavaliers,26.0,29.0,53.0,104.6,108.2,0.301,0.156,0.524,0.47700000000000004,13.8,28.9,0.23199999999999998,0.493,12.3,72.8,0.226,2001,0.35365853658536583
new_york_knicks,30.3,30.0,52.0,101.5,105.9,0.27399999999999997,0.20600000000000002,0.514,0.46799999999999997,14.0,25.6,0.21600000000000003,0.479,12.9,71.9,0.23600000000000002,2001,0.36585365853658536
houston_rockets,25.9,28.0,54.0,103.1,108.6,0.28600000000000003,0.223,0.507,0.465,13.4,29.0,0.21100000000000002,0.491,11.5,69.8,0.17800000000000002,2001,0.34146341463414637
atlanta_hawks,25.7,33.0,49.0,101.8,106.4,0.294,0.18100000000000002,0.517,0.47100000000000003,14.6,27.5,0.225,0.495,14.1,70.9,0.218,2001,0.4024390243902439
golden_state_warriors,24.8,21.0,61.0,102.8,108.5,0.335,0.142,0.499,0.452,14.7,35.3,0.242,0.488,12.9,69.4,0.23199999999999998,2001,0.25609756097560976
denver_nuggets,28.2,27.0,55.0,101.4,107.8,0.256,0.187,0.495,0.455,13.6,30.6,0.19,0.49200000000000005,13.6,69.9,0.245,2001,0.32926829268292684
memphis_grizzlies,25.5,23.0,59.0,98.2,106.3,0.28800000000000003,0.168,0.501,0.462,15.4,27.8,0.204,0.486,13.7,68.0,0.19699999999999998,2001,0.2804878048780488
chicago_bulls,25.5,21.0,61.0,98.2,107.6,0.302,0.134,0.499,0.456,14.6,26.6,0.218,0.49700000000000005,13.7,71.4,0.239,2001,0.25609756097560976
dallas_mavericks,28.1,60.0,22.0,110.7,102.3,0.257,0.239,0.5429999999999999,0.498,10.9,25.4,0.213,0.473,14.8,70.9,0.221,2002,0.7317073170731707
sacramento_kings,28.3,59.0,23.0,105.9,99.1,0.262,0.184,0.535,0.499,13.3,25.6,0.196,0.446,13.6,70.6,0.204,2002,0.7195121951219512
san_antonio_spurs,28.4,60.0,22.0,105.6,99.7,0.348,0.20199999999999999,0.541,0.49700000000000005,15.1,28.8,0.253,0.45299999999999996,14.2,71.3,0.19899999999999998,2002,0.7317073170731707
new_jersey_nets,27.3,49.0,33.0,103.8,98.1,0.33299999999999996,0.158,0.518,0.46799999999999997,13.8,28.7,0.252,0.46,15.7,73.1,0.225,2002,0.5975609756097561
detroit_pistons,29.0,50.0,32.0,104.1,99.9,0.322,0.237,0.523,0.473,13.3,25.9,0.248,0.461,13.9,74.0,0.225,2002,0.6097560975609756
portland_trail_blazers,29.2,50.0,32.0,105.5,102.6,0.3,0.177,0.531,0.489,14.5,30.2,0.223,0.483,14.9,72.3,0.19399999999999998,2002,0.6097560975609756
indiana_pacers,25.9,48.0,34.0,104.6,100.8,0.344,0.16899999999999998,0.522,0.469,13.7,29.0,0.263,0.45799999999999996,14.3,72.3,0.228,2002,0.5853658536585366
utah_jazz,30.9,47.0,35.0,105.5,102.8,0.38,0.10400000000000001,0.537,0.486,16.0,32.5,0.28300000000000003,0.46799999999999997,15.2,70.2,0.256,2002,0.573170731707317
los_angeles_lakers,28.1,50.0,32.0,107.2,104.7,0.311,0.19899999999999998,0.528,0.486,13.3,30.2,0.228,0.47700000000000004,13.4,72.7,0.24100000000000002,2002,0.6097560975609756
minnesota_timberwolves,28.2,51.0,31.0,106.1,103.8,0.268,0.11800000000000001,0.528,0.488,12.9,28.2,0.20600000000000002,0.47200000000000003,12.7,72.9,0.203,2002,0.6219512195121951
houston_rockets,25.9,43.0,39.0,104.3,102.6,0.316,0.196,0.522,0.474,14.8,30.3,0.243,0.462,12.6,72.4,0.209,2002,0.524390243902439
philadelphia_76ers,28.3,48.0,34.0,105.0,102.5,0.33899999999999997,0.11900000000000001,0.52,0.466,13.7,30.3,0.263,0.488,16.2,72.7,0.243,2002,0.5853658536585366
phoenix_suns,25.2,44.0,38.0,103.7,102.5,0.285,0.17,0.514,0.473,13.7,29.7,0.21100000000000002,0.47,14.8,70.3,0.222,2002,0.5365853658536586
new_orleans_hornets,29.1,47.0,35.0,103.9,101.6,0.285,0.161,0.511,0.465,13.9,31.7,0.21899999999999997,0.46399999999999997,14.0,73.1,0.226,2002,0.573170731707317
seattle_supersonics,26.9,40.0,42.0,103.7,103.9,0.27,0.196,0.512,0.47200000000000003,12.8,28.1,0.201,0.484,14.3,71.8,0.21,2002,0.4878048780487805
milwaukee_bucks,29.3,42.0,40.0,108.8,108.6,0.287,0.22899999999999998,0.5429999999999999,0.5,12.2,25.6,0.222,0.494,13.5,69.9,0.237,2002,0.5121951219512195
orlando_magic,26.9,42.0,40.0,105.2,105.0,0.307,0.235,0.526,0.478,13.3,27.0,0.239,0.486,15.1,71.1,0.25,2002,0.5121951219512195
golden_state_warriors,24.4,38.0,44.0,108.3,109.5,0.34299999999999997,0.17800000000000002,0.526,0.47200000000000003,13.9,35.0,0.267,0.48200000000000004,12.2,67.9,0.22,2002,0.4634146341463415
boston_celtics,26.9,44.0,38.0,101.2,101.6,0.306,0.331,0.514,0.47,13.4,23.6,0.22699999999999998,0.47100000000000003,15.1,72.5,0.242,2002,0.5365853658536586
washington_wizards,28.4,37.0,45.0,103.0,104.1,0.325,0.127,0.513,0.46,13.0,27.3,0.253,0.47700000000000004,13.8,71.6,0.212,2002,0.45121951219512196
new_york_knicks,30.2,37.0,45.0,104.7,106.2,0.24100000000000002,0.235,0.528,0.486,13.4,24.4,0.196,0.485,13.7,71.8,0.261,2002,0.45121951219512196
memphis_grizzlies,24.9,28.0,54.0,103.9,107.3,0.287,0.19,0.526,0.48700000000000004,14.2,27.0,0.212,0.491,13.4,68.7,0.19699999999999998,2002,0.34146341463414637
los_angeles_clippers,25.3,27.0,55.0,102.3,106.8,0.335,0.182,0.516,0.467,14.8,29.1,0.252,0.48100000000000004,13.1,70.2,0.222,2002,0.32926829268292684
atlanta_hawks,27.2,35.0,47.0,102.3,106.1,0.313,0.177,0.527,0.47600000000000003,15.7,27.9,0.248,0.469,12.1,70.4,0.222,2002,0.4268292682926829
miami_heat,26.5,25.0,57.0,96.7,102.4,0.259,0.16899999999999998,0.483,0.439,13.8,26.8,0.198,0.47,14.1,73.9,0.257,2002,0.3048780487804878
chicago_bulls,25.2,30.0,52.0,100.2,105.6,0.3,0.14800000000000002,0.512,0.47100000000000003,15.4,27.7,0.217,0.47,13.3,69.5,0.263,2002,0.36585365853658536
toronto_raptors,27.6,24.0,58.0,100.5,107.0,0.282,0.179,0.49700000000000005,0.45799999999999996,13.6,28.2,0.203,0.489,13.1,70.7,0.226,2002,0.2926829268292683
denver_nuggets,24.1,17.0,65.0,92.2,101.3,0.28300000000000003,0.126,0.469,0.428,17.1,31.3,0.198,0.47700000000000004,16.5,73.3,0.29,2002,0.2073170731707317
cleveland_cavaliers,23.5,17.0,65.0,96.5,106.7,0.298,0.133,0.491,0.444,16.4,31.0,0.223,0.484,13.0,73.2,0.252,2002,0.2073170731707317
san_antonio_spurs,27.3,57.0,25.0,102.2,94.1,0.322,0.177,0.511,0.473,14.1,29.5,0.21899999999999997,0.433,14.8,74.6,0.215,2003,0.6951219512195121
minnesota_timberwolves,29.7,58.0,24.0,105.9,99.7,0.265,0.13699999999999998,0.528,0.486,12.4,26.7,0.207,0.444,12.9,72.5,0.215,2003,0.7073170731707317
sacramento_kings,29.3,55.0,27.0,110.3,104.9,0.305,0.223,0.5539999999999999,0.507,13.0,26.0,0.242,0.483,13.7,69.8,0.193,2003,0.6707317073170732
detroit_pistons,27.4,54.0,28.0,102.0,95.4,0.32799999999999996,0.153,0.511,0.461,14.7,30.1,0.247,0.441,15.5,71.8,0.20199999999999999,2003,0.6585365853658537
indiana_pacers,27.1,61.0,21.0,103.8,97.2,0.319,0.203,0.52,0.47100000000000003,14.1,28.5,0.243,0.45899999999999996,15.7,73.9,0.218,2003,0.7439024390243902
dallas_mavericks,27.4,52.0,30.0,112.1,107.4,0.256,0.201,0.536,0.495,11.1,31.4,0.204,0.498,13.9,71.6,0.214,2003,0.6341463414634146
los_angeles_lakers,29.8,56.0,26.0,105.5,101.3,0.35200000000000004,0.16699999999999998,0.522,0.48100000000000004,12.8,28.1,0.244,0.47100000000000003,14.3,73.3,0.222,2003,0.6829268292682927
memphis_grizzlies,26.0,50.0,32.0,104.8,102.2,0.322,0.19699999999999998,0.522,0.479,13.9,29.5,0.23399999999999999,0.465,15.7,68.4,0.251,2003,0.6097560975609756
houston_rockets,28.3,45.0,37.0,100.9,99.0,0.28600000000000003,0.22699999999999998,0.528,0.484,16.4,26.5,0.221,0.447,13.1,74.5,0.233,2003,0.5487804878048781
new_jersey_nets,27.7,47.0,35.0,100.8,98.0,0.29100000000000004,0.17600000000000002,0.515,0.47100000000000003,14.4,25.9,0.21899999999999997,0.46,15.7,73.9,0.221,2003,0.573170731707317
denver_nuggets,25.6,43.0,39.0,103.9,102.7,0.319,0.146,0.517,0.467,14.2,30.5,0.245,0.48100000000000004,15.6,69.3,0.221,2003,0.524390243902439
milwaukee_bucks,26.5,41.0,41.0,106.5,105.4,0.33,0.172,0.528,0.47700000000000004,12.7,27.6,0.255,0.485,13.3,71.8,0.213,2003,0.5
seattle_supersonics,26.0,37.0,45.0,107.3,108.0,0.27,0.294,0.54,0.501,13.9,27.2,0.207,0.48700000000000004,13.9,68.5,0.237,2003,0.45121951219512196
golden_state_warriors,28.1,37.0,45.0,103.0,103.8,0.311,0.19699999999999998,0.517,0.475,14.1,28.4,0.226,0.47600000000000003,13.3,72.1,0.21100000000000002,2003,0.45121951219512196
miami_heat,26.4,42.0,40.0,102.2,101.7,0.298,0.21100000000000002,0.51,0.46299999999999997,13.5,27.4,0.22699999999999998,0.46299999999999997,14.5,73.4,0.26,2003,0.5121951219512195
utah_jazz,24.9,42.0,40.0,101.9,103.3,0.35600000000000004,0.127,0.509,0.456,16.1,34.1,0.266,0.46799999999999997,15.4,72.4,0.319,2003,0.5121951219512195
portland_trail_blazers,27.6,41.0,41.0,103.7,105.1,0.267,0.17,0.515,0.478,14.4,31.2,0.195,0.48200000000000004,13.3,70.0,0.18600000000000003,2003,0.5
new_orleans_hornets,30.3,41.0,41.0,102.3,102.4,0.293,0.252,0.505,0.46,14.1,30.6,0.22,0.47600000000000003,15.0,71.3,0.218,2003,0.5
new_york_knicks,29.6,39.0,43.0,101.7,103.3,0.266,0.171,0.518,0.474,15.1,28.0,0.21100000000000002,0.461,13.2,72.8,0.259,2003,0.47560975609756095
boston_celtics,26.4,36.0,46.0,102.1,103.7,0.327,0.249,0.532,0.486,15.4,25.2,0.245,0.479,15.7,69.5,0.24,2003,0.43902439024390244
phoenix_suns,24.4,29.0,53.0,101.4,105.5,0.28,0.18,0.515,0.475,14.3,26.6,0.209,0.48200000000000004,14.7,69.9,0.24,2003,0.35365853658536583
philadelphia_76ers,27.5,33.0,49.0,99.1,101.9,0.321,0.158,0.505,0.456,15.5,28.2,0.242,0.467,14.7,70.7,0.231,2003,0.4024390243902439
cleveland_cavaliers,24.9,35.0,47.0,101.4,104.2,0.301,0.11599999999999999,0.498,0.451,13.7,31.1,0.226,0.469,12.3,73.0,0.221,2003,0.4268292682926829
toronto_raptors,27.6,33.0,49.0,97.0,100.4,0.26,0.204,0.495,0.45399999999999996,14.1,23.8,0.195,0.449,14.1,70.1,0.24100000000000002,2003,0.4024390243902439
los_angeles_clippers,24.3,28.0,54.0,103.5,108.5,0.35,0.156,0.512,0.45299999999999996,15.0,32.8,0.275,0.494,12.9,70.0,0.231,2003,0.34146341463414637
atlanta_hawks,26.2,28.0,54.0,101.0,106.1,0.303,0.191,0.514,0.465,15.4,28.6,0.235,0.47600000000000003,13.1,70.5,0.23399999999999999,2003,0.34146341463414637
washington_wizards,24.4,25.0,57.0,98.8,104.8,0.337,0.19399999999999998,0.5,0.45399999999999996,16.0,30.7,0.24100000000000002,0.486,14.9,69.5,0.214,2003,0.3048780487804878
chicago_bulls,26.8,23.0,59.0,96.6,103.4,0.272,0.18600000000000003,0.486,0.446,14.9,28.1,0.19699999999999998,0.469,14.1,71.4,0.253,2003,0.2804878048780488
orlando_magic,25.8,21.0,61.0,102.7,110.4,0.29600000000000004,0.184,0.504,0.461,12.8,28.1,0.218,0.502,12.7,68.7,0.214,2003,0.25609756097560976
san_antonio_spurs,28.5,59.0,23.0,107.5,98.8,0.32899999999999996,0.21600000000000003,0.534,0.49200000000000005,13.2,29.1,0.23800000000000002,0.452,14.7,73.6,0.23600000000000002,2004,0.7195121951219512
phoenix_suns,25.2,62.0,20.0,114.5,107.1,0.29600000000000004,0.289,0.5710000000000001,0.534,12.4,27.5,0.222,0.478,12.0,68.3,0.17600000000000002,2004,0.7560975609756098
dallas_mavericks,27.7,58.0,24.0,110.3,104.1,0.34600000000000003,0.19,0.545,0.49200000000000005,12.5,28.6,0.273,0.47200000000000003,14.3,70.2,0.239,2004,0.7073170731707317
miami_heat,28.0,59.0,23.0,110.2,103.1,0.387,0.198,0.5589999999999999,0.524,13.1,27.0,0.26,0.46,12.4,74.1,0.242,2004,0.7195121951219512
houston_rockets,29.7,51.0,31.0,106.2,101.7,0.309,0.237,0.534,0.486,13.5,26.3,0.242,0.45899999999999996,12.9,74.5,0.245,2004,0.6219512195121951
detroit_pistons,27.9,54.0,28.0,105.6,101.2,0.335,0.16399999999999998,0.519,0.47200000000000003,13.3,31.2,0.247,0.461,13.5,73.0,0.207,2004,0.6585365853658537
memphis_grizzlies,26.3,45.0,37.0,105.5,102.9,0.32299999999999995,0.237,0.535,0.489,14.3,27.1,0.243,0.466,15.4,69.9,0.27,2004,0.5487804878048781
seattle_supersonics,26.0,52.0,30.0,112.2,109.6,0.32799999999999996,0.281,0.546,0.495,13.0,32.4,0.259,0.496,12.9,71.3,0.249,2004,0.6341463414634146
sacramento_kings,27.7,50.0,32.0,110.5,108.2,0.287,0.2,0.541,0.496,12.0,28.8,0.226,0.493,13.3,69.0,0.214,2004,0.6097560975609756
denver_nuggets,26.7,49.0,33.0,106.0,103.9,0.35,0.142,0.535,0.483,13.8,28.4,0.267,0.48200000000000004,15.1,71.7,0.247,2004,0.5975609756097561
minnesota_timberwolves,29.0,44.0,38.0,108.2,106.6,0.275,0.17300000000000001,0.534,0.489,12.7,28.6,0.21899999999999997,0.47200000000000003,11.2,71.4,0.20800000000000002,2004,0.5365853658536586
chicago_bulls,25.0,47.0,35.0,101.4,100.3,0.311,0.217,0.517,0.47100000000000003,15.5,28.4,0.233,0.45399999999999996,14.4,72.6,0.262,2004,0.573170731707317
indiana_pacers,28.3,44.0,38.0,105.5,104.6,0.358,0.255,0.534,0.47600000000000003,14.1,26.4,0.28300000000000003,0.47200000000000003,13.6,71.3,0.261,2004,0.5365853658536586
boston_celtics,27.1,45.0,37.0,107.5,106.6,0.35700000000000004,0.192,0.551,0.501,14.7,27.2,0.273,0.48100000000000004,14.2,70.1,0.27399999999999997,2004,0.5487804878048781
cleveland_cavaliers,26.5,42.0,40.0,106.6,105.7,0.325,0.135,0.518,0.47,13.0,32.5,0.244,0.485,14.1,71.5,0.248,2004,0.5121951219512195
los_angeles_clippers,25.5,37.0,45.0,105.5,106.4,0.35700000000000004,0.105,0.5329999999999999,0.47700000000000004,14.9,30.3,0.278,0.48,13.0,71.3,0.235,2004,0.45121951219512196
washington_wizards,25.3,45.0,37.0,107.2,107.5,0.364,0.22,0.523,0.474,12.9,31.1,0.264,0.498,14.6,70.0,0.23,2004,0.5487804878048781
philadelphia_76ers,26.4,43.0,39.0,103.5,104.3,0.326,0.21600000000000003,0.528,0.475,14.2,25.4,0.257,0.485,15.4,72.7,0.267,2004,0.524390243902439
golden_state_warriors,26.7,34.0,48.0,104.7,106.9,0.278,0.252,0.512,0.475,12.3,27.8,0.201,0.491,13.9,69.7,0.22699999999999998,2004,0.4146341463414634
toronto_raptors,27.0,33.0,49.0,106.9,108.7,0.316,0.253,0.539,0.49200000000000005,12.5,23.7,0.244,0.499,13.4,71.1,0.24,2004,0.4024390243902439
new_jersey_nets,27.8,42.0,40.0,101.4,103.1,0.318,0.187,0.512,0.46299999999999997,13.7,25.5,0.242,0.479,15.2,73.2,0.278,2004,0.5121951219512195
los_angeles_lakers,26.0,34.0,48.0,108.1,111.4,0.322,0.273,0.535,0.485,13.4,29.5,0.251,0.493,11.0,71.1,0.218,2004,0.4146341463414634
orlando_magic,26.5,36.0,46.0,104.9,107.3,0.35,0.13699999999999998,0.529,0.478,14.6,29.9,0.265,0.484,13.2,71.3,0.255,2004,0.43902439024390244
new_york_knicks,27.3,33.0,49.0,106.2,108.9,0.312,0.188,0.531,0.485,13.8,28.3,0.239,0.501,13.8,71.2,0.265,2004,0.4024390243902439
milwaukee_bucks,26.9,30.0,52.0,106.6,109.8,0.33899999999999997,0.141,0.527,0.475,13.0,29.0,0.261,0.499,12.4,72.0,0.233,2004,0.36585365853658536
portland_trail_blazers,27.0,27.0,55.0,103.2,107.7,0.303,0.18100000000000002,0.524,0.484,15.2,29.6,0.21899999999999997,0.479,12.6,67.7,0.204,2004,0.32926829268292684
utah_jazz,25.7,26.0,56.0,104.7,109.5,0.361,0.121,0.522,0.469,15.0,31.9,0.273,0.499,14.2,72.3,0.34,2004,0.3170731707317073
charlotte_bobcats,24.9,18.0,64.0,101.1,107.5,0.306,0.128,0.49700000000000005,0.455,13.3,29.5,0.217,0.49700000000000005,14.7,70.9,0.26899999999999996,2004,0.21951219512195122
new_orleans_hornets,27.5,18.0,64.0,99.7,107.7,0.27899999999999997,0.201,0.493,0.446,14.2,29.1,0.214,0.491,13.9,70.7,0.261,2004,0.21951219512195122
atlanta_hawks,26.0,13.0,69.0,100.6,111.1,0.299,0.146,0.504,0.46399999999999997,14.9,30.7,0.212,0.513,14.0,72.1,0.289,2004,0.15853658536585366
san_antonio_spurs,29.8,63.0,19.0,107.3,99.6,0.298,0.215,0.546,0.513,13.6,26.0,0.209,0.457,13.5,74.2,0.22,2005,0.7682926829268293
detroit_pistons,28.5,64.0,18.0,110.8,103.1,0.297,0.221,0.535,0.49700000000000005,11.2,28.9,0.21600000000000003,0.47700000000000004,13.7,71.2,0.191,2005,0.7804878048780488
dallas_mavericks,27.5,60.0,22.0,111.8,105.0,0.364,0.175,0.55,0.495,13.1,31.8,0.285,0.475,13.7,72.2,0.257,2005,0.7317073170731707
phoenix_suns,27.5,54.0,28.0,111.5,105.8,0.20600000000000002,0.293,0.568,0.537,12.2,22.1,0.166,0.49,13.2,72.1,0.2,2005,0.6585365853658537
memphis_grizzlies,28.1,49.0,33.0,105.9,101.6,0.33899999999999997,0.258,0.537,0.496,13.9,25.8,0.24100000000000002,0.469,14.7,72.0,0.237,2005,0.5975609756097561
miami_heat,29.2,52.0,30.0,108.7,104.5,0.363,0.22699999999999998,0.556,0.517,13.9,26.7,0.254,0.47700000000000004,12.4,76.4,0.251,2005,0.6341463414634146
los_angeles_lakers,25.1,45.0,37.0,108.4,105.7,0.32899999999999996,0.24,0.539,0.495,13.1,28.8,0.245,0.486,13.4,73.6,0.242,2005,0.5487804878048781
cleveland_cavaliers,27.1,50.0,32.0,107.8,105.4,0.36200000000000004,0.228,0.5379999999999999,0.49200000000000005,13.3,28.4,0.263,0.49,12.8,75.7,0.226,2005,0.6097560975609756
los_angeles_clippers,26.8,47.0,35.0,105.3,103.6,0.332,0.131,0.54,0.48700000000000004,13.8,25.4,0.263,0.47100000000000003,12.2,75.9,0.24,2005,0.573170731707317
indiana_pacers,27.3,41.0,41.0,104.5,102.4,0.344,0.245,0.5329999999999999,0.48700000000000004,14.8,27.1,0.254,0.46399999999999997,13.0,72.6,0.23199999999999998,2005,0.5
sacramento_kings,27.2,44.0,38.0,106.7,105.0,0.33399999999999996,0.217,0.544,0.49200000000000005,13.9,25.4,0.262,0.488,13.7,72.2,0.21,2005,0.5365853658536586
washington_wizards,26.5,42.0,40.0,109.3,107.3,0.375,0.209,0.5379999999999999,0.484,12.8,29.5,0.284,0.504,15.1,70.9,0.256,2005,0.5121951219512195
new_jersey_nets,28.6,49.0,33.0,103.9,102.4,0.34600000000000003,0.22899999999999998,0.528,0.478,13.3,24.0,0.262,0.47600000000000003,14.0,76.3,0.266,2005,0.5975609756097561
chicago_bulls,24.1,41.0,41.0,104.0,103.4,0.292,0.21899999999999997,0.527,0.48700000000000004,13.9,26.3,0.21600000000000003,0.46399999999999997,13.9,74.7,0.295,2005,0.5
denver_nuggets,27.4,44.0,38.0,105.5,105.2,0.34700000000000003,0.161,0.535,0.488,13.7,26.8,0.258,0.493,14.7,72.0,0.22699999999999998,2005,0.5365853658536586
milwaukee_bucks,25.5,40.0,42.0,106.3,107.4,0.322,0.203,0.535,0.49200000000000005,13.8,27.3,0.23800000000000002,0.504,13.8,74.6,0.262,2005,0.4878048780487805
golden_state_warriors,25.6,34.0,48.0,104.8,106.2,0.32299999999999995,0.27,0.521,0.479,13.0,26.9,0.23199999999999998,0.49200000000000005,14.1,71.6,0.243,2005,0.4146341463414634
orlando_magic,25.5,36.0,46.0,106.3,107.5,0.369,0.129,0.5429999999999999,0.496,14.7,28.5,0.27,0.49,13.0,72.5,0.264,2005,0.43902439024390244
houston_rockets,28.8,34.0,48.0,101.6,103.3,0.317,0.226,0.519,0.47100000000000003,14.3,25.5,0.24,0.47200000000000003,13.1,74.6,0.247,2005,0.4146341463414634
boston_celtics,25.3,33.0,49.0,105.2,106.9,0.349,0.204,0.551,0.504,15.7,25.5,0.263,0.49,13.8,72.8,0.282,2005,0.4024390243902439
minnesota_timberwolves,26.7,33.0,49.0,102.4,104.5,0.299,0.149,0.524,0.48,14.2,25.2,0.226,0.475,13.4,71.3,0.23600000000000002,2005,0.4024390243902439
philadelphia_76ers,26.5,38.0,44.0,106.0,108.1,0.35600000000000004,0.158,0.5379999999999999,0.48700000000000004,13.3,25.6,0.27,0.5,14.3,71.3,0.24,2005,0.4634146341463415
utah_jazz,25.6,41.0,41.0,104.1,107.0,0.397,0.149,0.519,0.467,15.0,32.4,0.28600000000000003,0.49,14.0,73.2,0.303,2005,0.5
seattle_supersonics,25.6,35.0,47.0,111.1,114.4,0.314,0.243,0.551,0.504,13.7,30.4,0.24600000000000002,0.527,13.6,69.0,0.26,2005,0.4268292682926829
toronto_raptors,25.9,27.0,55.0,109.5,112.7,0.315,0.244,0.5479999999999999,0.5,12.4,25.4,0.249,0.53,13.5,73.3,0.263,2005,0.32926829268292684
charlotte_bobcats,25.2,26.0,56.0,102.5,106.7,0.319,0.184,0.509,0.46399999999999997,13.0,27.1,0.233,0.514,16.5,70.7,0.263,2005,0.3170731707317073
atlanta_hawks,22.7,26.0,56.0,106.4,111.6,0.34,0.17800000000000002,0.534,0.486,14.7,31.4,0.255,0.513,14.1,69.5,0.275,2005,0.3170731707317073
new_york_knicks,25.6,23.0,59.0,104.0,111.0,0.41700000000000004,0.142,0.534,0.48100000000000004,16.5,31.2,0.303,0.511,13.4,72.8,0.294,2005,0.2804878048780488
portland_trail_blazers,24.6,21.0,61.0,101.1,111.9,0.31,0.166,0.511,0.474,14.5,26.6,0.214,0.507,12.6,68.2,0.231,2005,0.25609756097560976
san_antonio_spurs,30.4,58.0,24.0,109.2,99.9,0.313,0.247,0.561,0.521,13.6,24.2,0.235,0.47100000000000003,14.0,75.7,0.201,2006,0.7073170731707317
dallas_mavericks,28.1,67.0,15.0,111.3,103.2,0.317,0.218,0.5589999999999999,0.509,13.4,28.7,0.256,0.47700000000000004,14.2,75.0,0.265,2006,0.8170731707317073
phoenix_suns,27.6,61.0,21.0,113.9,106.4,0.267,0.287,0.59,0.551,13.4,22.7,0.215,0.49200000000000005,13.6,71.9,0.20600000000000002,2006,0.7439024390243902
houston_rockets,28.2,52.0,30.0,106.0,100.7,0.292,0.29,0.54,0.499,13.6,25.7,0.22,0.466,13.6,77.0,0.23,2006,0.6341463414634146
chicago_bulls,26.0,49.0,33.0,104.9,99.6,0.313,0.18600000000000003,0.534,0.493,14.7,28.6,0.22899999999999998,0.473,16.2,74.3,0.252,2006,0.5975609756097561
detroit_pistons,29.0,53.0,29.0,108.9,104.2,0.307,0.201,0.535,0.488,12.0,28.3,0.237,0.47700000000000004,14.3,70.9,0.23399999999999999,2006,0.6463414634146342
cleveland_cavaliers,26.9,50.0,32.0,105.5,101.3,0.32,0.21100000000000002,0.522,0.484,13.4,29.7,0.223,0.48,14.7,75.8,0.243,2006,0.6097560975609756
utah_jazz,25.9,51.0,31.0,110.1,107.0,0.38,0.163,0.551,0.502,14.5,31.7,0.28300000000000003,0.496,14.4,75.1,0.314,2006,0.6219512195121951
denver_nuggets,26.5,45.0,37.0,107.6,105.9,0.36,0.212,0.5479999999999999,0.501,14.6,28.9,0.268,0.499,14.5,71.8,0.203,2006,0.5487804878048781
toronto_raptors,26.0,47.0,35.0,107.0,106.0,0.303,0.22399999999999998,0.55,0.504,13.0,22.2,0.239,0.503,14.3,74.5,0.21899999999999997,2006,0.573170731707317
orlando_magic,25.6,40.0,42.0,104.9,104.1,0.39299999999999996,0.158,0.544,0.5,16.3,29.3,0.276,0.48,14.6,73.7,0.28600000000000003,2006,0.4878048780487805
los_angeles_lakers,25.3,42.0,40.0,108.6,108.6,0.33299999999999996,0.259,0.5539999999999999,0.511,14.3,26.1,0.249,0.5,13.5,72.3,0.262,2006,0.5121951219512195
golden_state_warriors,24.6,42.0,40.0,107.0,107.4,0.3,0.27899999999999997,0.5479999999999999,0.512,14.1,25.6,0.215,0.506,16.1,69.6,0.264,2006,0.5121951219512195
los_angeles_clippers,27.5,40.0,42.0,105.1,105.6,0.355,0.14300000000000002,0.537,0.48100000000000004,14.5,27.2,0.28,0.488,13.3,74.7,0.249,2006,0.4878048780487805
washington_wizards,26.8,41.0,41.0,110.1,110.6,0.35600000000000004,0.237,0.542,0.491,12.6,28.1,0.272,0.517,14.4,71.0,0.249,2006,0.5
new_jersey_nets,28.2,41.0,41.0,105.7,106.6,0.33799999999999997,0.263,0.546,0.504,14.2,24.6,0.245,0.49,13.7,74.4,0.266,2006,0.5
miami_heat,29.3,44.0,38.0,104.3,105.3,0.321,0.245,0.541,0.506,14.3,24.9,0.222,0.485,13.8,73.3,0.23199999999999998,2006,0.5365853658536586
sacramento_kings,27.3,33.0,49.0,106.2,108.0,0.379,0.23199999999999998,0.545,0.491,13.5,23.1,0.289,0.513,14.9,72.5,0.24,2006,0.4024390243902439
seattle_supersonics,25.9,31.0,51.0,107.2,110.3,0.28800000000000003,0.21899999999999997,0.544,0.499,14.5,27.8,0.228,0.515,14.1,70.9,0.243,2006,0.3780487804878049
indiana_pacers,27.2,35.0,47.0,102.9,105.5,0.324,0.212,0.523,0.474,15.1,28.4,0.24600000000000002,0.491,14.8,72.7,0.271,2006,0.4268292682926829
new_york_knicks,25.4,33.0,49.0,105.7,108.8,0.377,0.21600000000000003,0.539,0.494,15.9,31.0,0.27,0.504,13.0,74.0,0.24600000000000002,2006,0.4024390243902439
minnesota_timberwolves,27.7,32.0,50.0,103.9,107.9,0.29100000000000004,0.16699999999999998,0.537,0.49,14.8,25.1,0.231,0.498,13.3,72.1,0.226,2006,0.3902439024390244
philadelphia_76ers,26.2,35.0,47.0,103.6,106.9,0.33299999999999996,0.128,0.53,0.48,14.6,27.2,0.255,0.501,14.7,70.8,0.221,2006,0.4268292682926829
boston_celtics,23.5,24.0,58.0,103.2,106.9,0.337,0.19899999999999998,0.53,0.479,15.4,27.0,0.259,0.502,14.5,73.8,0.28,2006,0.2926829268292683
portland_trail_blazers,24.4,32.0,50.0,105.1,109.9,0.314,0.193,0.53,0.483,14.5,28.2,0.24100000000000002,0.508,13.5,73.0,0.267,2006,0.3902439024390244
charlotte_bobcats,25.5,33.0,49.0,103.6,107.6,0.322,0.193,0.524,0.48,13.9,26.4,0.23600000000000002,0.5,14.7,71.6,0.27899999999999997,2006,0.4024390243902439
milwaukee_bucks,26.0,28.0,54.0,107.0,111.7,0.28600000000000003,0.21899999999999997,0.541,0.504,14.1,27.6,0.209,0.522,14.5,68.1,0.23399999999999999,2006,0.34146341463414637
memphis_grizzlies,26.2,22.0,60.0,106.9,112.3,0.374,0.21100000000000002,0.555,0.504,15.2,25.9,0.285,0.529,14.0,71.1,0.237,2006,0.2682926829268293
atlanta_hawks,24.1,30.0,52.0,103.0,108.3,0.34600000000000003,0.163,0.523,0.47100000000000003,15.1,29.2,0.263,0.503,14.5,70.9,0.268,2006,0.36585365853658536
boston_celtics,27.9,66.0,16.0,110.2,98.9,0.34600000000000003,0.249,0.569,0.522,14.7,26.6,0.267,0.457,15.2,74.4,0.253,2007,0.8048780487804879
los_angeles_lakers,26.7,57.0,25.0,113.0,105.5,0.33299999999999996,0.257,0.57,0.525,12.9,26.3,0.256,0.485,12.9,73.4,0.214,2007,0.6951219512195121
utah_jazz,25.3,54.0,28.0,113.8,106.5,0.349,0.166,0.573,0.528,13.6,29.5,0.265,0.501,15.0,74.1,0.294,2007,0.6585365853658537
detroit_pistons,28.3,59.0,23.0,111.4,102.9,0.3,0.203,0.539,0.495,11.4,29.4,0.23,0.47,13.4,73.7,0.244,2007,0.7195121951219512
new_orleans_hornets,27.1,56.0,26.0,111.5,105.7,0.251,0.239,0.5479999999999999,0.512,11.4,27.0,0.193,0.501,13.5,75.4,0.184,2007,0.6829268292682927
phoenix_suns,29.3,55.0,27.0,113.3,108.1,0.292,0.26,0.59,0.551,13.4,22.4,0.228,0.488,11.8,70.9,0.191,2007,0.6707317073170732
san_antonio_spurs,31.4,56.0,26.0,107.2,101.8,0.276,0.251,0.5429999999999999,0.504,12.6,23.4,0.21,0.47700000000000004,12.8,77.1,0.201,2007,0.6829268292682927
houston_rockets,28.3,55.0,27.0,106.8,101.6,0.276,0.255,0.528,0.49200000000000005,13.0,29.1,0.2,0.465,12.8,74.8,0.214,2007,0.6707317073170732
orlando_magic,26.7,52.0,30.0,111.3,105.5,0.355,0.322,0.575,0.537,13.6,23.4,0.256,0.484,12.3,74.8,0.217,2007,0.6341463414634146
dallas_mavericks,28.9,51.0,31.0,111.1,106.1,0.318,0.215,0.5539999999999999,0.502,12.3,26.7,0.259,0.474,11.7,75.0,0.252,2007,0.6219512195121951
denver_nuggets,28.5,50.0,32.0,110.0,106.3,0.358,0.228,0.557,0.51,12.9,25.5,0.26899999999999996,0.499,14.1,72.1,0.203,2007,0.6097560975609756
toronto_raptors,26.3,41.0,41.0,110.2,107.0,0.247,0.217,0.551,0.511,11.4,23.4,0.2,0.505,13.5,75.0,0.205,2007,0.5
golden_state_warriors,25.5,48.0,34.0,111.8,109.5,0.276,0.295,0.5479999999999999,0.511,11.5,27.2,0.20800000000000002,0.509,14.7,70.3,0.258,2007,0.5853658536585366
philadelphia_76ers,25.3,40.0,42.0,106.4,106.0,0.321,0.14300000000000002,0.522,0.48200000000000004,13.4,31.8,0.22699999999999998,0.504,15.1,72.0,0.205,2007,0.4878048780487805
portland_trail_blazers,24.1,41.0,41.0,107.3,108.4,0.281,0.218,0.532,0.489,12.6,26.8,0.21600000000000003,0.491,12.1,71.8,0.212,2007,0.5
cleveland_cavaliers,27.1,45.0,37.0,106.0,106.4,0.308,0.231,0.52,0.48,13.1,30.4,0.221,0.494,12.9,75.9,0.24,2007,0.5487804878048781
washington_wizards,27.2,43.0,39.0,109.2,109.6,0.297,0.24100000000000002,0.535,0.489,12.5,28.9,0.233,0.513,13.5,72.8,0.217,2007,0.524390243902439
sacramento_kings,27.3,38.0,44.0,107.5,109.9,0.34600000000000003,0.20800000000000002,0.556,0.503,14.8,25.2,0.276,0.51,13.9,71.7,0.256,2007,0.4634146341463415
indiana_pacers,26.7,36.0,46.0,106.0,107.5,0.292,0.289,0.54,0.498,13.5,24.4,0.22399999999999998,0.498,14.1,73.9,0.271,2007,0.43902439024390244
atlanta_hawks,24.2,37.0,45.0,106.9,108.9,0.34,0.165,0.535,0.483,14.0,29.7,0.263,0.501,12.9,71.7,0.217,2007,0.45121951219512196
chicago_bulls,25.7,33.0,49.0,103.9,107.2,0.29600000000000004,0.19,0.515,0.47,13.4,28.9,0.223,0.496,14.2,73.1,0.258,2007,0.4024390243902439
charlotte_bobcats,26.3,32.0,50.0,104.6,109.4,0.32299999999999995,0.22,0.532,0.49200000000000005,13.9,25.6,0.23,0.505,13.4,71.0,0.235,2007,0.3902439024390244
new_jersey_nets,27.4,34.0,48.0,104.0,109.4,0.34700000000000003,0.222,0.528,0.48100000000000004,14.2,26.6,0.255,0.49700000000000005,12.7,73.8,0.271,2007,0.4146341463414634
memphis_grizzlies,24.5,22.0,60.0,105.0,111.4,0.311,0.264,0.539,0.5,14.0,23.8,0.225,0.521,12.2,73.4,0.196,2007,0.2682926829268293
minnesota_timberwolves,24.6,22.0,60.0,103.8,111.2,0.248,0.185,0.518,0.484,13.6,27.5,0.183,0.513,12.9,73.6,0.26899999999999996,2007,0.2682926829268293
new_york_knicks,25.7,23.0,59.0,104.7,111.9,0.31,0.215,0.518,0.475,13.4,28.6,0.226,0.518,12.1,72.7,0.22899999999999998,2007,0.2804878048780488
los_angeles_clippers,28.5,23.0,59.0,101.2,109.1,0.33799999999999997,0.16699999999999998,0.519,0.465,13.7,23.1,0.264,0.503,12.8,73.1,0.23600000000000002,2007,0.2804878048780488
milwaukee_bucks,25.8,26.0,56.0,105.3,112.8,0.294,0.195,0.522,0.48200000000000004,13.7,30.0,0.215,0.524,13.0,73.0,0.25,2007,0.3170731707317073
seattle_supersonics,25.4,20.0,62.0,100.5,109.5,0.265,0.134,0.509,0.467,14.3,26.8,0.204,0.503,11.9,73.7,0.215,2007,0.24390243902439024
miami_heat,27.4,15.0,67.0,100.5,110.0,0.3,0.217,0.522,0.48200000000000004,14.4,22.1,0.218,0.51,13.6,71.9,0.245,2007,0.18292682926829268
cleveland_cavaliers,26.6,66.0,16.0,112.4,102.4,0.312,0.259,0.56,0.519,12.5,27.7,0.23600000000000002,0.46799999999999997,13.5,74.6,0.226,2008,0.8048780487804879
boston_celtics,27.8,62.0,20.0,110.5,102.3,0.32799999999999996,0.214,0.5710000000000001,0.528,15.0,27.9,0.251,0.47,14.0,75.6,0.253,2008,0.7560975609756098
los_angeles_lakers,27.4,65.0,17.0,112.8,104.7,0.299,0.217,0.555,0.513,12.3,29.4,0.23,0.49,14.2,73.0,0.213,2008,0.7926829268292683
orlando_magic,27.3,59.0,23.0,109.2,101.9,0.35100000000000003,0.335,0.5589999999999999,0.52,13.4,24.0,0.251,0.465,12.3,75.9,0.209,2008,0.7195121951219512
portland_trail_blazers,24.0,54.0,28.0,113.9,107.8,0.306,0.239,0.5529999999999999,0.511,12.5,32.6,0.23399999999999999,0.499,13.2,75.0,0.22699999999999998,2008,0.6585365853658537
houston_rockets,27.9,53.0,29.0,108.4,104.0,0.292,0.254,0.5479999999999999,0.501,13.6,26.4,0.235,0.479,11.9,75.3,0.192,2008,0.6463414634146342
san_antonio_spurs,30.4,54.0,28.0,108.5,104.3,0.251,0.248,0.5479999999999999,0.513,11.7,22.1,0.191,0.48700000000000004,11.7,78.0,0.191,2008,0.6585365853658537
denver_nuggets,27.7,54.0,28.0,110.4,106.8,0.382,0.22699999999999998,0.563,0.512,14.2,27.5,0.29,0.485,14.1,71.7,0.259,2008,0.6585365853658537
utah_jazz,25.5,48.0,34.0,110.1,107.3,0.355,0.16899999999999998,0.5539999999999999,0.504,13.6,28.2,0.27399999999999997,0.505,15.0,72.7,0.262,2008,0.5853658536585366
atlanta_hawks,25.8,47.0,35.0,109.3,107.6,0.32299999999999995,0.253,0.546,0.504,12.5,26.0,0.23800000000000002,0.494,13.2,71.6,0.21,2008,0.573170731707317
dallas_mavericks,29.0,50.0,32.0,110.5,108.4,0.27399999999999997,0.24100000000000002,0.55,0.504,12.1,26.6,0.22399999999999998,0.493,12.3,74.6,0.225,2008,0.6097560975609756
phoenix_suns,29.5,46.0,36.0,113.6,111.6,0.336,0.21600000000000003,0.584,0.545,14.4,27.7,0.25,0.511,12.8,71.7,0.233,2008,0.5609756097560976
new_orleans_hornets,28.2,49.0,33.0,108.7,107.0,0.28800000000000003,0.24,0.5479999999999999,0.501,12.5,24.6,0.23199999999999998,0.496,13.2,74.9,0.23,2008,0.5975609756097561
miami_heat,25.6,43.0,39.0,107.8,107.6,0.282,0.245,0.54,0.5,12.1,24.6,0.212,0.501,14.5,72.9,0.251,2008,0.524390243902439
philadelphia_76ers,26.1,41.0,41.0,107.9,107.8,0.33899999999999997,0.16399999999999998,0.532,0.485,13.4,31.3,0.253,0.507,14.9,71.4,0.21600000000000003,2008,0.5
chicago_bulls,24.9,41.0,41.0,108.4,108.7,0.3,0.18899999999999997,0.541,0.493,13.3,28.0,0.239,0.493,13.1,70.9,0.23800000000000002,2008,0.5
detroit_pistons,28.2,39.0,43.0,107.4,108.0,0.282,0.165,0.524,0.483,11.7,27.9,0.212,0.485,11.7,74.0,0.248,2008,0.47560975609756095
indiana_pacers,26.5,36.0,46.0,108.1,109.2,0.267,0.244,0.545,0.501,13.1,25.4,0.215,0.499,12.7,74.5,0.271,2008,0.43902439024390244
milwaukee_bucks,26.3,34.0,48.0,106.7,107.9,0.306,0.20800000000000002,0.531,0.483,13.1,27.8,0.239,0.503,15.6,74.0,0.315,2008,0.4146341463414634
charlotte_bobcats,25.8,35.0,47.0,104.7,106.1,0.312,0.213,0.536,0.494,15.1,27.7,0.231,0.498,14.4,73.0,0.22899999999999998,2008,0.4268292682926829
new_jersey_nets,25.7,34.0,48.0,108.3,111.0,0.303,0.265,0.5429999999999999,0.49700000000000005,12.7,25.2,0.23600000000000002,0.509,13.0,73.5,0.272,2008,0.4146341463414634
new_york_knicks,25.7,32.0,50.0,108.1,110.8,0.268,0.322,0.544,0.503,12.9,24.4,0.21,0.52,13.0,72.7,0.215,2008,0.3902439024390244
toronto_raptors,27.0,33.0,49.0,107.0,110.0,0.27899999999999997,0.193,0.542,0.494,12.8,24.0,0.23,0.511,12.6,73.7,0.20199999999999999,2008,0.4024390243902439
golden_state_warriors,25.0,29.0,53.0,109.5,113.3,0.33899999999999997,0.209,0.5489999999999999,0.49700000000000005,12.9,26.1,0.268,0.508,12.9,68.1,0.251,2008,0.35365853658536583
minnesota_timberwolves,25.4,24.0,58.0,106.1,111.4,0.289,0.22699999999999998,0.526,0.48100000000000004,13.3,27.7,0.222,0.515,12.0,75.0,0.254,2008,0.2926829268292683
memphis_grizzlies,23.3,24.0,58.0,103.5,109.5,0.32899999999999996,0.175,0.5329999999999999,0.486,14.8,25.8,0.249,0.515,14.1,73.5,0.247,2008,0.2926829268292683
oklahoma_city_thunder,24.5,23.0,59.0,102.9,109.4,0.308,0.141,0.521,0.47100000000000003,14.8,28.6,0.242,0.514,13.0,73.9,0.21600000000000003,2008,0.2804878048780488
washington_wizards,26.9,19.0,63.0,105.4,113.6,0.293,0.18,0.524,0.48,13.2,27.7,0.22399999999999998,0.5329999999999999,13.3,71.4,0.22699999999999998,2008,0.23170731707317074
los_angeles_clippers,26.6,19.0,63.0,102.3,111.7,0.275,0.226,0.52,0.48100000000000004,14.0,25.1,0.20199999999999999,0.512,12.4,71.2,0.22699999999999998,2008,0.23170731707317074
sacramento_kings,26.3,17.0,65.0,105.5,114.7,0.315,0.23800000000000002,0.542,0.491,14.3,24.5,0.252,0.526,13.0,69.9,0.26899999999999996,2008,0.2073170731707317
orlando_magic,27.9,59.0,23.0,111.4,103.3,0.34,0.35,0.573,0.536,13.6,24.6,0.24600000000000002,0.47700000000000004,12.2,77.4,0.205,2009,0.7195121951219512
cleveland_cavaliers,28.0,61.0,21.0,111.2,104.1,0.341,0.248,0.57,0.532,13.4,25.1,0.24600000000000002,0.48200000000000004,12.3,77.2,0.218,2009,0.7439024390243902
utah_jazz,25.6,53.0,29.0,110.7,105.0,0.34,0.184,0.565,0.524,14.2,26.8,0.252,0.49200000000000005,14.2,75.6,0.26899999999999996,2009,0.6463414634146342
san_antonio_spurs,28.7,50.0,32.0,110.0,104.5,0.29600000000000004,0.23199999999999998,0.552,0.515,12.9,26.8,0.21899999999999997,0.483,12.1,76.3,0.214,2009,0.6097560975609756
los_angeles_lakers,28.4,57.0,25.0,108.8,103.7,0.289,0.22699999999999998,0.5379999999999999,0.496,12.4,27.6,0.221,0.484,13.2,74.4,0.195,2009,0.6951219512195121
phoenix_suns,28.5,54.0,28.0,115.3,110.2,0.312,0.261,0.585,0.546,13.6,27.6,0.24,0.491,11.6,70.8,0.22399999999999998,2009,0.6585365853658537
atlanta_hawks,26.5,53.0,29.0,111.9,106.7,0.281,0.214,0.545,0.506,11.4,28.2,0.213,0.496,13.2,72.7,0.20800000000000002,2009,0.6463414634146342
denver_nuggets,27.7,53.0,29.0,111.8,107.5,0.376,0.22699999999999998,0.561,0.509,12.7,26.1,0.29,0.495,13.8,72.4,0.251,2009,0.6463414634146342
oklahoma_city_thunder,23.2,50.0,32.0,108.3,104.6,0.33299999999999996,0.185,0.547,0.494,13.9,28.6,0.268,0.483,14.0,73.6,0.22899999999999998,2009,0.6097560975609756
boston_celtics,29.4,50.0,32.0,107.7,103.8,0.332,0.228,0.564,0.522,14.5,22.8,0.248,0.48700000000000004,14.9,73.8,0.251,2009,0.6097560975609756
portland_trail_blazers,26.6,50.0,32.0,110.8,107.1,0.315,0.215,0.547,0.499,12.1,28.2,0.249,0.502,13.3,74.8,0.21899999999999997,2009,0.6097560975609756
dallas_mavericks,30.7,55.0,27.0,109.2,106.3,0.27699999999999997,0.222,0.552,0.506,12.3,24.3,0.226,0.495,13.6,73.7,0.20600000000000002,2009,0.6707317073170732
miami_heat,27.1,47.0,35.0,106.6,104.1,0.29600000000000004,0.21899999999999997,0.537,0.496,12.8,26.1,0.223,0.48,13.9,74.9,0.24600000000000002,2009,0.573170731707317
milwaukee_bucks,26.4,46.0,36.0,104.9,103.1,0.239,0.259,0.518,0.48200000000000004,12.3,26.2,0.18100000000000002,0.486,14.6,76.4,0.266,2009,0.5609756097560976
charlotte_bobcats,27.4,44.0,38.0,104.4,102.8,0.34600000000000003,0.21100000000000002,0.5379999999999999,0.49,15.1,26.5,0.26,0.491,14.7,74.2,0.19399999999999998,2009,0.5365853658536586
houston_rockets,26.0,42.0,40.0,107.6,108.0,0.292,0.265,0.537,0.494,13.2,26.9,0.225,0.511,13.6,73.8,0.215,2009,0.5121951219512195
memphis_grizzlies,24.1,40.0,42.0,108.3,109.9,0.32,0.14800000000000002,0.536,0.494,13.7,31.3,0.235,0.52,13.2,73.3,0.205,2009,0.4878048780487805
chicago_bulls,26.2,41.0,41.0,103.5,105.3,0.287,0.156,0.52,0.47700000000000004,13.3,26.6,0.217,0.484,12.3,74.8,0.212,2009,0.5
toronto_raptors,25.2,40.0,42.0,111.3,113.2,0.319,0.21100000000000002,0.564,0.521,12.7,24.7,0.244,0.513,11.8,72.9,0.247,2009,0.4878048780487805
new_orleans_hornets,27.5,37.0,45.0,107.4,110.1,0.243,0.23,0.5429999999999999,0.506,12.7,24.8,0.18899999999999997,0.523,13.5,73.8,0.205,2009,0.45121951219512196
indiana_pacers,26.6,32.0,50.0,103.7,106.8,0.29600000000000004,0.278,0.536,0.491,13.8,21.6,0.22899999999999998,0.49,13.4,73.0,0.258,2009,0.3902439024390244
golden_state_warriors,25.1,26.0,56.0,108.1,111.7,0.294,0.23800000000000002,0.557,0.514,13.1,20.9,0.23,0.525,15.1,68.5,0.26,2009,0.3170731707317073
philadelphia_76ers,25.4,27.0,55.0,106.1,110.3,0.27,0.20600000000000002,0.534,0.496,13.7,27.6,0.204,0.518,13.8,73.2,0.231,2009,0.32926829268292684
new_york_knicks,25.4,29.0,53.0,107.6,111.6,0.256,0.312,0.547,0.509,13.0,23.5,0.2,0.526,13.3,72.1,0.207,2009,0.35365853658536583
sacramento_kings,24.1,25.0,57.0,105.3,109.9,0.28600000000000003,0.201,0.528,0.491,13.6,27.8,0.207,0.505,12.6,73.5,0.244,2009,0.3048780487804878
washington_wizards,27.6,26.0,56.0,104.2,109.4,0.28300000000000003,0.183,0.524,0.48100000000000004,13.9,27.6,0.21600000000000003,0.502,12.8,72.4,0.239,2009,0.3170731707317073
detroit_pistons,26.7,27.0,55.0,105.6,111.4,0.303,0.18,0.515,0.474,12.8,30.3,0.22,0.526,14.2,73.4,0.264,2009,0.32926829268292684
los_angeles_clippers,27.3,29.0,53.0,103.3,110.1,0.28300000000000003,0.221,0.529,0.491,14.8,27.1,0.20600000000000002,0.509,12.2,74.0,0.214,2009,0.35365853658536583
new_jersey_nets,24.8,12.0,70.0,100.6,110.5,0.307,0.18100000000000002,0.509,0.45799999999999996,13.7,25.1,0.24,0.517,13.3,71.8,0.22899999999999998,2009,0.14634146341463414
minnesota_timberwolves,24.1,15.0,67.0,101.7,111.6,0.278,0.171,0.518,0.478,14.6,26.7,0.207,0.525,13.0,73.6,0.22,2009,0.18292682926829268
miami_heat,29.0,58.0,24.0,111.7,103.5,0.363,0.235,0.573,0.524,13.5,25.2,0.27899999999999997,0.475,12.6,75.5,0.223,2010,0.7073170731707317
chicago_bulls,26.4,62.0,20.0,108.3,100.3,0.305,0.215,0.541,0.501,13.5,29.4,0.22699999999999998,0.46299999999999997,13.6,76.2,0.222,2010,0.7560975609756098
los_angeles_lakers,30.2,57.0,25.0,111.0,104.3,0.293,0.22,0.545,0.502,12.3,29.2,0.228,0.47700000000000004,12.8,72.3,0.18100000000000002,2010,0.6951219512195121
san_antonio_spurs,28.8,61.0,21.0,111.8,105.6,0.299,0.261,0.5670000000000001,0.527,12.8,24.9,0.22899999999999998,0.491,12.6,74.6,0.19,2010,0.7439024390243902
orlando_magic,27.6,52.0,30.0,107.9,102.0,0.32799999999999996,0.32799999999999996,0.5539999999999999,0.521,14.3,26.1,0.22699999999999998,0.475,13.3,76.9,0.21899999999999997,2010,0.6341463414634146
boston_celtics,29.5,56.0,26.0,106.2,100.3,0.305,0.18,0.561,0.519,14.5,21.1,0.235,0.469,14.8,74.7,0.235,2010,0.6829268292682927
denver_nuggets,27.3,50.0,32.0,112.3,107.3,0.36700000000000005,0.258,0.574,0.526,13.1,23.9,0.281,0.5,12.7,75.4,0.22399999999999998,2010,0.6097560975609756
dallas_mavericks,30.9,57.0,25.0,109.7,105.0,0.28600000000000003,0.27399999999999997,0.565,0.525,13.6,24.1,0.222,0.488,13.0,74.8,0.20600000000000002,2010,0.6951219512195121
oklahoma_city_thunder,23.7,55.0,27.0,111.2,107.2,0.363,0.212,0.561,0.501,13.1,27.4,0.299,0.493,12.9,73.6,0.228,2010,0.6707317073170732
memphis_grizzlies,25.2,46.0,36.0,107.6,105.1,0.29100000000000004,0.136,0.534,0.493,13.0,28.9,0.218,0.502,15.7,72.5,0.228,2010,0.5609756097560976
houston_rockets,26.5,43.0,39.0,111.3,109.0,0.299,0.264,0.55,0.503,12.3,27.4,0.239,0.5,12.6,72.7,0.21899999999999997,2010,0.524390243902439
portland_trail_blazers,26.7,48.0,34.0,108.8,107.1,0.278,0.228,0.5329999999999999,0.486,12.6,29.5,0.22399999999999998,0.51,15.4,72.0,0.231,2010,0.5853658536585366
new_orleans_hornets,26.3,46.0,36.0,106.2,105.2,0.29600000000000004,0.192,0.537,0.493,12.8,25.1,0.226,0.501,14.4,76.2,0.22,2010,0.5609756097560976
philadelphia_76ers,24.7,41.0,41.0,106.6,105.0,0.273,0.184,0.535,0.494,12.3,24.6,0.21,0.48700000000000004,13.5,74.5,0.231,2010,0.5
new_york_knicks,25.3,42.0,40.0,110.9,110.1,0.304,0.303,0.561,0.513,12.6,24.2,0.24600000000000002,0.511,13.8,71.9,0.24,2010,0.5121951219512195
phoenix_suns,29.6,40.0,42.0,109.5,110.4,0.28300000000000003,0.271,0.5589999999999999,0.522,13.2,23.7,0.215,0.513,13.1,71.6,0.21100000000000002,2010,0.4878048780487805
milwaukee_bucks,26.7,35.0,47.0,101.6,102.5,0.287,0.21600000000000003,0.511,0.467,13.0,24.7,0.217,0.48100000000000004,14.7,74.8,0.23600000000000002,2010,0.4268292682926829
atlanta_hawks,27.4,44.0,38.0,106.1,107.0,0.26899999999999996,0.222,0.542,0.501,13.5,23.4,0.209,0.495,12.3,74.6,0.21100000000000002,2010,0.5365853658536586
indiana_pacers,25.9,37.0,45.0,104.8,106.0,0.3,0.244,0.5329999999999999,0.486,14.1,25.9,0.235,0.48700000000000004,12.8,74.1,0.237,2010,0.45121951219512196
utah_jazz,26.8,39.0,43.0,108.1,110.1,0.313,0.191,0.544,0.498,13.5,27.0,0.24100000000000002,0.505,13.8,71.7,0.275,2010,0.47560975609756095
golden_state_warriors,25.2,36.0,46.0,108.2,110.7,0.24100000000000002,0.248,0.544,0.51,13.3,26.7,0.183,0.509,14.5,69.3,0.259,2010,0.43902439024390244
los_angeles_clippers,24.6,32.0,50.0,105.3,108.7,0.332,0.23,0.535,0.496,15.1,28.4,0.23399999999999999,0.499,12.8,73.2,0.25,2010,0.3902439024390244
detroit_pistons,27.2,30.0,52.0,107.7,111.7,0.27899999999999997,0.18899999999999997,0.5329999999999999,0.495,12.5,27.4,0.20600000000000002,0.526,13.8,72.1,0.235,2010,0.36585365853658536
charlotte_bobcats,26.9,34.0,48.0,103.4,107.8,0.314,0.18899999999999997,0.528,0.48200000000000004,14.1,25.7,0.237,0.5,12.9,75.2,0.22899999999999998,2010,0.4146341463414634
sacramento_kings,24.8,24.0,58.0,103.5,109.0,0.284,0.183,0.519,0.48,14.4,29.9,0.20800000000000002,0.513,13.5,74.4,0.233,2010,0.2926829268292683
minnesota_timberwolves,23.8,17.0,65.0,104.2,111.1,0.282,0.223,0.526,0.483,15.1,29.6,0.217,0.514,13.1,73.7,0.251,2010,0.2073170731707317
new_jersey_nets,24.8,24.0,58.0,103.1,109.9,0.28300000000000003,0.201,0.517,0.474,13.4,26.1,0.215,0.503,11.8,74.2,0.24100000000000002,2010,0.2926829268292683
toronto_raptors,24.5,22.0,60.0,106.1,112.9,0.293,0.162,0.5329999999999999,0.491,13.7,28.2,0.221,0.522,13.0,72.0,0.251,2010,0.2682926829268293
washington_wizards,24.9,23.0,59.0,102.4,110.2,0.29,0.172,0.513,0.47100000000000003,13.9,28.0,0.21600000000000003,0.512,14.4,70.5,0.249,2010,0.2804878048780488
cleveland_cavaliers,26.6,19.0,63.0,102.2,111.8,0.312,0.22399999999999998,0.518,0.47200000000000003,13.4,24.2,0.233,0.524,12.7,73.3,0.21100000000000002,2010,0.23170731707317074
chicago_bulls,27.1,50.0,16.0,107.4,98.3,0.255,0.205,0.523,0.49,13.2,32.6,0.184,0.45,12.8,74.3,0.175,2011,0.7575757575757576
san_antonio_spurs,27.5,50.0,16.0,110.9,103.2,0.261,0.257,0.562,0.528,12.8,25.1,0.195,0.489,12.9,76.0,0.168,2011,0.7575757575757576
oklahoma_city_thunder,25.1,47.0,19.0,109.8,103.2,0.33399999999999996,0.252,0.5670000000000001,0.516,15.3,27.8,0.26899999999999996,0.465,13.0,72.1,0.207,2011,0.7121212121212122
miami_heat,28.3,46.0,20.0,106.6,100.2,0.307,0.198,0.5489999999999999,0.505,14.5,26.6,0.23800000000000002,0.479,15.8,73.9,0.2,2011,0.696969696969697
philadelphia_76ers,24.9,35.0,31.0,103.9,99.2,0.217,0.175,0.511,0.48,10.9,24.4,0.161,0.46,13.5,75.2,0.192,2011,0.5303030303030303
denver_nuggets,26.6,38.0,28.0,109.2,106.2,0.326,0.243,0.556,0.516,14.1,27.7,0.239,0.508,14.3,74.3,0.185,2011,0.5757575757575758
los_angeles_clippers,27.3,40.0,26.0,108.5,105.7,0.287,0.26899999999999996,0.5329999999999999,0.502,12.7,29.5,0.195,0.49200000000000005,14.2,73.2,0.245,2011,0.6060606060606061
atlanta_hawks,27.9,40.0,26.0,104.9,101.2,0.259,0.249,0.535,0.5,13.4,23.9,0.192,0.48,14.4,74.4,0.18600000000000003,2011,0.6060606060606061
indiana_pacers,26.3,42.0,24.0,106.7,103.1,0.321,0.198,0.526,0.474,13.1,29.2,0.251,0.47600000000000003,14.1,72.3,0.222,2011,0.6363636363636364
memphis_grizzlies,25.6,41.0,25.0,104.0,101.8,0.27699999999999997,0.157,0.515,0.473,13.6,29.8,0.21100000000000002,0.485,16.3,72.7,0.22699999999999998,2011,0.6212121212121212
new_york_knicks,26.3,36.0,30.0,104.4,101.0,0.306,0.28800000000000003,0.5329999999999999,0.49200000000000005,14.9,26.6,0.22699999999999998,0.485,15.9,73.7,0.22399999999999998,2011,0.5454545454545454
boston_celtics,29.3,39.0,27.0,101.0,98.2,0.257,0.19399999999999998,0.535,0.496,14.7,19.7,0.2,0.452,14.9,72.4,0.21600000000000003,2011,0.5909090909090909
los_angeles_lakers,29.7,41.0,25.0,106.0,104.4,0.299,0.209,0.534,0.491,14.2,29.1,0.226,0.47600000000000003,10.7,74.8,0.158,2011,0.6212121212121212
dallas_mavericks,31.3,36.0,30.0,103.3,102.3,0.24600000000000002,0.271,0.527,0.489,13.4,23.4,0.19,0.479,13.9,74.8,0.203,2011,0.5454545454545454
utah_jazz,25.6,36.0,30.0,106.8,106.1,0.302,0.153,0.525,0.48100000000000004,13.0,30.2,0.22699999999999998,0.493,13.8,73.8,0.245,2011,0.5454545454545454
houston_rockets,26.2,34.0,32.0,105.5,105.2,0.235,0.24,0.529,0.49200000000000005,13.5,27.5,0.184,0.49,13.8,73.4,0.21,2011,0.5151515151515151
orlando_magic,27.5,37.0,29.0,105.0,104.1,0.292,0.34600000000000003,0.5329999999999999,0.506,14.5,26.5,0.193,0.488,12.9,75.5,0.19,2011,0.5606060606060606
phoenix_suns,28.9,33.0,33.0,106.2,106.5,0.257,0.23800000000000002,0.536,0.499,13.3,25.8,0.19399999999999998,0.491,13.1,71.7,0.2,2011,0.5
portland_trail_blazers,27.5,28.0,38.0,105.7,106.4,0.263,0.255,0.531,0.488,13.4,26.3,0.209,0.504,14.1,72.8,0.19899999999999998,2011,0.42424242424242425
milwaukee_bucks,26.2,31.0,35.0,105.5,105.2,0.25,0.22399999999999998,0.521,0.48100000000000004,12.9,27.7,0.19399999999999998,0.489,14.6,70.9,0.217,2011,0.4696969696969697
minnesota_timberwolves,24.4,26.0,40.0,104.3,106.6,0.306,0.262,0.524,0.47700000000000004,14.0,27.5,0.23600000000000002,0.491,12.2,73.0,0.187,2011,0.3939393939393939
golden_state_warriors,25.3,23.0,43.0,105.4,109.1,0.22699999999999998,0.248,0.539,0.505,13.3,22.9,0.175,0.496,13.6,69.1,0.237,2011,0.3484848484848485
new_orleans_hornets,25.5,21.0,45.0,100.9,105.1,0.27399999999999997,0.152,0.517,0.47600000000000003,15.2,27.5,0.207,0.485,13.5,73.1,0.218,2011,0.3181818181818182
toronto_raptors,25.7,23.0,43.0,100.8,104.5,0.27399999999999997,0.209,0.518,0.475,14.8,25.9,0.21100000000000002,0.475,12.8,75.4,0.26,2011,0.3484848484848485
sacramento_kings,24.3,22.0,44.0,103.8,109.8,0.268,0.228,0.51,0.47200000000000003,13.0,29.1,0.19699999999999998,0.515,13.9,70.5,0.19899999999999998,2011,0.3333333333333333
washington_wizards,24.2,20.0,46.0,101.0,106.2,0.253,0.196,0.508,0.47200000000000003,14.2,27.3,0.184,0.49200000000000005,14.2,70.9,0.22899999999999998,2011,0.30303030303030304
detroit_pistons,26.3,25.0,41.0,101.0,106.3,0.27899999999999997,0.175,0.51,0.46799999999999997,15.0,28.1,0.21,0.5,14.2,72.8,0.226,2011,0.3787878787878788
new_jersey_nets,26.1,22.0,44.0,102.9,109.6,0.26899999999999996,0.278,0.516,0.473,14.3,27.8,0.209,0.513,13.7,70.7,0.209,2011,0.3333333333333333
cleveland_cavaliers,26.0,21.0,45.0,101.1,108.9,0.307,0.23800000000000002,0.505,0.46299999999999997,14.3,28.9,0.22,0.508,13.1,72.2,0.20199999999999999,2011,0.3181818181818182
charlotte_bobcats,24.5,7.0,59.0,95.2,110.4,0.276,0.16899999999999998,0.483,0.439,13.9,23.6,0.20600000000000002,0.512,12.8,70.9,0.20600000000000002,2011,0.10606060606060606
oklahoma_city_thunder,26.0,60.0,22.0,112.4,102.6,0.33799999999999997,0.244,0.58,0.527,14.4,26.7,0.28,0.469,13.5,73.4,0.19699999999999998,2012,0.7317073170731707
miami_heat,30.3,66.0,16.0,112.3,103.7,0.297,0.285,0.588,0.552,13.7,22.2,0.22399999999999998,0.48700000000000004,14.8,73.0,0.2,2012,0.8048780487804879
san_antonio_spurs,28.6,58.0,24.0,108.3,101.6,0.258,0.264,0.568,0.531,14.0,20.5,0.204,0.48,13.7,74.9,0.179,2012,0.7073170731707317
los_angeles_clippers,28.8,56.0,26.0,110.6,103.6,0.28600000000000003,0.265,0.557,0.526,13.9,28.8,0.203,0.49200000000000005,15.4,73.5,0.22899999999999998,2012,0.6829268292682927
denver_nuggets,26.1,57.0,25.0,110.4,105.1,0.308,0.217,0.5489999999999999,0.515,13.6,31.4,0.21600000000000003,0.493,14.3,71.8,0.193,2012,0.6951219512195121
memphis_grizzlies,27.0,56.0,26.0,104.9,100.3,0.261,0.166,0.514,0.47200000000000003,13.3,31.0,0.20199999999999999,0.475,15.2,74.3,0.209,2012,0.6829268292682927
new_york_knicks,30.2,54.0,28.0,111.1,106.3,0.258,0.354,0.55,0.515,11.7,25.6,0.196,0.508,14.8,74.7,0.21600000000000003,2012,0.6585365853658537
houston_rockets,24.4,45.0,37.0,109.7,106.1,0.308,0.349,0.564,0.525,14.9,26.4,0.23199999999999998,0.502,13.5,75.2,0.196,2012,0.5487804878048781
indiana_pacers,25.7,49.0,32.0,104.3,99.8,0.293,0.245,0.521,0.479,14.3,30.3,0.21899999999999997,0.45299999999999996,12.9,74.6,0.19699999999999998,2012,0.6049382716049383
los_angeles_lakers,30.7,45.0,37.0,107.8,106.6,0.345,0.303,0.5479999999999999,0.512,13.9,27.0,0.239,0.496,11.9,74.3,0.163,2012,0.5487804878048781
golden_state_warriors,25.3,47.0,35.0,106.4,105.5,0.255,0.239,0.545,0.506,14.0,25.4,0.201,0.486,12.4,75.5,0.21100000000000002,2012,0.573170731707317
brooklyn_nets,28.6,49.0,33.0,108.2,106.2,0.299,0.26899999999999996,0.536,0.498,14.0,30.9,0.21899999999999997,0.503,13.1,73.7,0.174,2012,0.5975609756097561
utah_jazz,26.3,43.0,39.0,106.7,106.8,0.281,0.20600000000000002,0.5329999999999999,0.49200000000000005,13.8,28.8,0.214,0.501,14.0,73.2,0.226,2012,0.524390243902439
chicago_bulls,28.0,45.0,37.0,103.5,103.2,0.259,0.18899999999999997,0.512,0.47,13.6,29.4,0.201,0.47700000000000004,13.2,73.6,0.20600000000000002,2012,0.5487804878048781
atlanta_hawks,27.1,44.0,38.0,104.8,104.4,0.244,0.28600000000000003,0.546,0.517,14.2,22.2,0.174,0.496,14.2,73.6,0.18100000000000002,2012,0.5365853658536586
dallas_mavericks,29.5,41.0,41.0,105.9,106.5,0.242,0.23600000000000002,0.544,0.506,13.0,21.8,0.192,0.49200000000000005,13.3,73.1,0.22699999999999998,2012,0.5
boston_celtics,29.1,41.0,40.0,103.1,103.3,0.263,0.215,0.542,0.503,14.1,20.1,0.204,0.48200000000000004,14.2,73.3,0.21600000000000003,2012,0.5061728395061729
milwaukee_bucks,26.4,38.0,44.0,103.6,105.2,0.23600000000000002,0.23199999999999998,0.51,0.47600000000000003,12.7,27.9,0.174,0.49200000000000005,14.4,71.3,0.201,2012,0.4634146341463415
minnesota_timberwolves,26.4,31.0,51.0,102.9,105.4,0.305,0.22,0.516,0.473,13.8,27.4,0.226,0.511,15.0,74.0,0.187,2012,0.3780487804878049
toronto_raptors,25.4,34.0,48.0,105.9,107.5,0.27399999999999997,0.249,0.532,0.488,13.0,25.5,0.21600000000000003,0.5,13.6,73.4,0.247,2012,0.4146341463414634
portland_trail_blazers,24.4,33.0,49.0,105.8,109.2,0.25,0.284,0.536,0.498,13.9,25.3,0.19399999999999998,0.512,12.5,73.3,0.18899999999999997,2012,0.4024390243902439
washington_wizards,25.4,29.0,53.0,100.2,103.0,0.261,0.223,0.512,0.475,14.2,24.6,0.191,0.483,13.7,74.6,0.20600000000000002,2012,0.35365853658536583
new_orleans_hornets,24.0,27.0,55.0,105.7,110.1,0.248,0.22399999999999998,0.528,0.489,14.0,29.2,0.193,0.52,13.1,74.4,0.20800000000000002,2012,0.32926829268292684
philadelphia_76ers,25.2,34.0,48.0,102.0,105.7,0.2,0.209,0.509,0.48100000000000004,12.5,24.9,0.146,0.495,13.7,73.4,0.2,2012,0.4146341463414634
sacramento_kings,25.6,28.0,54.0,106.2,111.4,0.271,0.243,0.532,0.491,13.4,26.6,0.20800000000000002,0.517,13.6,71.0,0.22699999999999998,2012,0.34146341463414637
detroit_pistons,25.3,29.0,53.0,103.8,108.1,0.282,0.217,0.521,0.48700000000000004,14.3,28.3,0.19699999999999998,0.505,13.1,73.0,0.209,2012,0.35365853658536583
cleveland_cavaliers,24.1,24.0,58.0,104.3,109.4,0.265,0.22899999999999998,0.514,0.473,13.0,28.1,0.2,0.523,14.4,72.6,0.225,2012,0.2926829268292683
phoenix_suns,26.9,25.0,57.0,101.2,108.1,0.23399999999999999,0.21,0.512,0.47700000000000004,14.3,27.0,0.174,0.512,14.2,71.9,0.20800000000000002,2012,0.3048780487804878
orlando_magic,24.6,20.0,62.0,101.6,109.1,0.19699999999999998,0.223,0.514,0.485,13.7,25.4,0.149,0.508,11.8,74.6,0.195,2012,0.24390243902439024
charlotte_bobcats,24.4,21.0,61.0,101.5,111.5,0.31,0.21,0.507,0.46,13.2,25.7,0.233,0.524,13.2,71.1,0.19699999999999998,2012,0.25609756097560976
san_antonio_spurs,28.9,62.0,20.0,110.5,102.4,0.24,0.257,0.5710000000000001,0.537,13.5,22.7,0.188,0.48200000000000004,12.8,76.4,0.184,2013,0.7560975609756098
los_angeles_clippers,28.1,57.0,25.0,112.1,104.8,0.353,0.29100000000000004,0.5670000000000001,0.526,12.7,25.0,0.258,0.484,13.8,72.5,0.222,2013,0.6951219512195121
oklahoma_city_thunder,26.2,59.0,23.0,110.5,103.9,0.303,0.271,0.5660000000000001,0.52,14.0,26.5,0.244,0.488,13.9,75.6,0.221,2013,0.7195121951219512
golden_state_warriors,26.3,51.0,31.0,107.5,102.6,0.247,0.29100000000000004,0.55,0.517,13.8,25.1,0.18600000000000003,0.47700000000000004,13.6,76.3,0.22399999999999998,2013,0.6219512195121951
houston_rockets,25.4,54.0,28.0,111.0,106.3,0.386,0.33,0.5710000000000001,0.531,14.6,27.4,0.275,0.489,12.5,74.1,0.193,2013,0.6585365853658537
portland_trail_blazers,25.8,54.0,28.0,111.5,107.4,0.27,0.29,0.5479999999999999,0.504,12.4,28.0,0.22,0.488,11.0,74.7,0.19399999999999998,2013,0.6585365853658537
miami_heat,30.6,54.0,28.0,110.9,105.8,0.3,0.292,0.59,0.5539999999999999,14.6,20.6,0.228,0.511,15.8,73.0,0.212,2013,0.6585365853658537
indiana_pacers,27.2,56.0,26.0,104.1,99.3,0.29,0.235,0.535,0.49,14.3,24.9,0.226,0.46,12.9,76.8,0.19699999999999998,2013,0.6829268292682927
minnesota_timberwolves,26.3,40.0,42.0,108.9,106.2,0.321,0.245,0.535,0.486,12.2,27.4,0.249,0.518,14.8,74.4,0.177,2013,0.4878048780487805
phoenix_suns,26.2,48.0,34.0,109.5,106.7,0.293,0.3,0.5579999999999999,0.519,14.0,26.4,0.222,0.496,13.9,73.7,0.237,2013,0.5853658536585366
dallas_mavericks,30.6,49.0,33.0,111.2,108.7,0.253,0.27399999999999997,0.564,0.526,12.7,24.6,0.201,0.515,14.8,72.7,0.22899999999999998,2013,0.5975609756097561
toronto_raptors,25.6,48.0,34.0,108.8,105.3,0.306,0.285,0.545,0.498,13.2,27.2,0.239,0.493,14.1,74.9,0.237,2013,0.5853658536585366
memphis_grizzlies,28.5,50.0,32.0,106.3,104.6,0.248,0.171,0.529,0.494,13.1,28.3,0.184,0.49700000000000005,13.8,75.7,0.19899999999999998,2013,0.6097560975609756
chicago_bulls,28.6,48.0,34.0,102.5,100.5,0.29,0.222,0.518,0.47100000000000003,14.2,27.2,0.226,0.47100000000000003,13.7,75.4,0.18899999999999997,2013,0.5853658536585366
washington_wizards,26.3,44.0,38.0,106.0,104.6,0.248,0.24600000000000002,0.5379999999999999,0.506,13.6,25.2,0.18100000000000002,0.504,15.0,75.7,0.22,2013,0.5365853658536586
atlanta_hawks,27.5,38.0,44.0,105.9,106.4,0.266,0.316,0.5539999999999999,0.515,14.3,21.0,0.20800000000000002,0.51,14.0,74.4,0.196,2013,0.4634146341463415
charlotte_bobcats,25.5,43.0,39.0,103.6,103.8,0.297,0.21899999999999997,0.522,0.48100000000000004,11.7,21.9,0.21899999999999997,0.491,12.6,77.6,0.183,2013,0.524390243902439
denver_nuggets,26.0,36.0,46.0,106.0,108.2,0.306,0.278,0.536,0.49700000000000005,14.0,27.5,0.222,0.5,12.8,74.5,0.233,2013,0.43902439024390244
new_york_knicks,28.3,37.0,45.0,108.3,109.1,0.248,0.302,0.541,0.505,12.5,25.1,0.18899999999999997,0.514,14.0,74.3,0.245,2013,0.45121951219512196
brooklyn_nets,30.0,44.0,38.0,106.7,107.7,0.313,0.301,0.555,0.514,14.1,21.7,0.23600000000000002,0.509,14.9,72.3,0.23600000000000002,2013,0.5365853658536586
new_orleans_pelicans,24.3,34.0,48.0,107.2,110.1,0.28600000000000003,0.193,0.537,0.495,12.9,26.9,0.22,0.515,13.6,73.8,0.249,2013,0.4146341463414634
sacramento_kings,24.9,28.0,54.0,105.7,108.8,0.331,0.218,0.532,0.484,13.9,27.8,0.251,0.512,12.7,76.6,0.23399999999999999,2013,0.34146341463414637
cleveland_cavaliers,24.9,33.0,49.0,104.2,107.7,0.268,0.23600000000000002,0.518,0.479,13.0,27.2,0.201,0.508,13.0,75.8,0.19899999999999998,2013,0.4024390243902439
detroit_pistons,24.7,29.0,53.0,105.9,109.7,0.29600000000000004,0.222,0.514,0.48200000000000004,12.9,31.4,0.19899999999999998,0.52,13.8,73.4,0.218,2013,0.35365853658536583
boston_celtics,25.4,25.0,57.0,102.9,107.7,0.248,0.251,0.517,0.47700000000000004,14.2,27.4,0.193,0.505,13.4,74.2,0.22699999999999998,2013,0.3048780487804878
los_angeles_lakers,26.8,27.0,55.0,104.2,110.6,0.263,0.29100000000000004,0.542,0.505,13.7,20.2,0.19899999999999998,0.513,12.4,71.0,0.192,2013,0.32926829268292684
orlando_magic,24.6,23.0,59.0,101.7,107.4,0.253,0.235,0.525,0.48700000000000004,13.9,22.4,0.193,0.504,13.0,75.5,0.21100000000000002,2013,0.2804878048780488
utah_jazz,24.5,25.0,57.0,103.5,111.3,0.271,0.237,0.523,0.484,13.9,25.5,0.20199999999999999,0.518,12.1,74.5,0.22699999999999998,2013,0.3048780487804878
milwaukee_bucks,24.7,15.0,67.0,103.0,111.8,0.27399999999999997,0.231,0.519,0.479,14.1,27.1,0.204,0.52,13.2,71.4,0.225,2013,0.18292682926829268
philadelphia_76ers,23.4,19.0,63.0,99.4,109.9,0.268,0.258,0.51,0.475,14.8,24.8,0.19,0.524,14.9,72.4,0.244,2013,0.23170731707317074
golden_state_warriors,26.6,67.0,15.0,111.6,101.4,0.239,0.311,0.5710000000000001,0.54,13.1,24.1,0.184,0.47,14.3,74.5,0.217,2014,0.8170731707317073
los_angeles_clippers,28.8,56.0,26.0,112.4,105.5,0.303,0.322,0.565,0.5329999999999999,11.6,22.8,0.215,0.493,13.2,75.7,0.231,2014,0.6829268292682927
san_antonio_spurs,29.8,55.0,27.0,108.5,102.0,0.256,0.26899999999999996,0.555,0.517,13.1,23.4,0.2,0.484,13.3,77.3,0.19,2014,0.6707317073170732
atlanta_hawks,27.8,60.0,22.0,108.9,103.1,0.259,0.321,0.563,0.527,13.5,21.4,0.201,0.49200000000000005,14.9,73.4,0.185,2014,0.7317073170731707
portland_trail_blazers,27.0,51.0,31.0,108.2,103.7,0.225,0.316,0.544,0.508,12.6,24.2,0.18,0.47600000000000003,11.3,76.2,0.182,2014,0.6219512195121951
cleveland_cavaliers,26.9,53.0,29.0,111.1,106.3,0.287,0.33399999999999996,0.557,0.52,13.4,26.8,0.21600000000000003,0.502,12.6,74.7,0.177,2014,0.6463414634146342
houston_rockets,27.6,56.0,26.0,107.0,103.4,0.312,0.392,0.5479999999999999,0.512,15.0,26.8,0.223,0.486,14.6,72.9,0.20800000000000002,2014,0.6829268292682927
memphis_grizzlies,29.6,55.0,27.0,105.7,102.2,0.276,0.184,0.531,0.489,12.6,24.7,0.214,0.49200000000000005,14.5,75.3,0.183,2014,0.6707317073170732
dallas_mavericks,29.9,50.0,32.0,109.5,106.4,0.262,0.29600000000000004,0.55,0.515,11.9,23.6,0.19699999999999998,0.503,14.7,72.2,0.204,2014,0.6097560975609756
chicago_bulls,28.8,50.0,32.0,107.5,104.3,0.304,0.26899999999999996,0.536,0.489,12.9,27.0,0.23800000000000002,0.473,11.3,74.4,0.182,2014,0.6097560975609756
oklahoma_city_thunder,25.4,45.0,37.0,107.8,105.5,0.284,0.262,0.532,0.49200000000000005,13.1,28.9,0.214,0.489,12.4,75.6,0.213,2014,0.5487804878048781
toronto_raptors,26.1,49.0,33.0,111.0,107.7,0.295,0.302,0.5529999999999999,0.508,12.0,25.6,0.23199999999999998,0.506,13.4,73.3,0.20800000000000002,2014,0.5975609756097561
new_orleans_pelicans,25.3,45.0,37.0,108.2,107.3,0.263,0.233,0.537,0.501,12.5,27.1,0.198,0.496,11.7,75.1,0.195,2014,0.5487804878048781
utah_jazz,23.4,38.0,44.0,105.1,104.9,0.297,0.27399999999999997,0.531,0.494,14.6,29.1,0.214,0.491,12.8,76.3,0.19899999999999998,2014,0.4634146341463415
washington_wizards,28.6,46.0,36.0,103.7,103.0,0.259,0.203,0.534,0.499,14.0,24.9,0.192,0.48100000000000004,12.9,77.3,0.21,2014,0.5609756097560976
milwaukee_bucks,24.6,41.0,41.0,102.7,102.2,0.258,0.223,0.536,0.499,15.5,25.4,0.195,0.48700000000000004,15.9,73.3,0.221,2014,0.5
indiana_pacers,28.3,38.0,44.0,103.5,103.2,0.266,0.255,0.523,0.484,13.1,24.0,0.201,0.478,12.0,77.9,0.217,2014,0.4634146341463415
phoenix_suns,25.7,39.0,43.0,105.3,106.2,0.251,0.29100000000000004,0.537,0.501,13.7,24.5,0.191,0.49700000000000005,14.0,73.5,0.221,2014,0.47560975609756095
boston_celtics,25.0,40.0,42.0,104.7,104.5,0.233,0.28,0.523,0.489,12.5,24.7,0.17600000000000002,0.494,13.7,75.0,0.20800000000000002,2014,0.4878048780487805
detroit_pistons,25.9,32.0,50.0,105.3,106.4,0.261,0.29,0.515,0.48200000000000004,12.3,27.7,0.184,0.502,13.2,75.0,0.192,2014,0.3902439024390244
miami_heat,28.5,37.0,45.0,103.9,106.7,0.306,0.262,0.54,0.5,14.5,23.2,0.22699999999999998,0.505,14.2,73.4,0.213,2014,0.45121951219512196
denver_nuggets,26.4,30.0,52.0,104.5,108.2,0.278,0.284,0.518,0.479,12.7,26.6,0.204,0.504,13.0,74.7,0.239,2014,0.36585365853658536
sacramento_kings,26.0,29.0,53.0,105.3,109.2,0.363,0.204,0.542,0.49,14.8,26.5,0.276,0.507,11.8,75.2,0.2,2014,0.35365853658536583
brooklyn_nets,28.6,38.0,44.0,104.4,107.4,0.267,0.24,0.529,0.491,13.0,23.9,0.2,0.506,12.9,73.7,0.185,2014,0.4634146341463415
charlotte_hornets,26.0,33.0,49.0,100.1,103.5,0.26899999999999996,0.226,0.498,0.456,11.2,22.1,0.20199999999999999,0.48700000000000004,12.0,79.3,0.188,2014,0.4024390243902439
orlando_magic,24.3,25.0,57.0,101.6,107.7,0.23,0.235,0.524,0.494,14.0,23.1,0.168,0.514,13.6,76.0,0.21,2014,0.3048780487804878
los_angeles_lakers,27.0,21.0,61.0,103.4,110.6,0.276,0.22,0.513,0.473,12.1,25.4,0.204,0.518,12.1,76.3,0.231,2014,0.25609756097560976
minnesota_timberwolves,24.4,16.0,66.0,102.9,112.2,0.309,0.179,0.517,0.46799999999999997,13.7,26.6,0.24,0.537,13.9,71.6,0.187,2014,0.1951219512195122
philadelphia_76ers,23.2,18.0,64.0,95.5,104.8,0.28800000000000003,0.319,0.494,0.45899999999999996,16.0,25.5,0.195,0.49700000000000005,15.2,73.0,0.225,2014,0.21951219512195122
new_york_knicks,26.9,17.0,65.0,99.9,110.0,0.23399999999999999,0.24,0.508,0.47,14.0,24.5,0.18,0.512,13.3,73.1,0.23399999999999999,2014,0.2073170731707317
golden_state_warriors,27.4,73.0,9.0,114.5,103.8,0.25,0.36200000000000004,0.593,0.563,13.5,23.5,0.191,0.479,12.6,76.0,0.20800000000000002,2015,0.8902439024390244
san_antonio_spurs,30.3,67.0,15.0,110.3,99.0,0.24600000000000002,0.223,0.564,0.526,12.4,23.0,0.19699999999999998,0.47700000000000004,14.1,79.1,0.182,2015,0.8170731707317073
oklahoma_city_thunder,25.8,55.0,27.0,113.1,105.6,0.292,0.275,0.565,0.524,14.0,31.1,0.228,0.484,11.7,76.0,0.205,2015,0.6707317073170732
cleveland_cavaliers,28.1,57.0,25.0,110.9,104.5,0.259,0.35200000000000004,0.5579999999999999,0.524,12.7,25.1,0.19399999999999998,0.496,12.6,78.5,0.205,2015,0.6951219512195121
los_angeles_clippers,29.7,53.0,29.0,108.3,103.8,0.318,0.324,0.556,0.524,12.1,20.1,0.22,0.48,13.8,73.8,0.222,2015,0.6463414634146342
toronto_raptors,26.3,56.0,26.0,110.0,105.2,0.32799999999999996,0.287,0.552,0.504,12.3,24.6,0.255,0.498,12.7,77.7,0.201,2015,0.6829268292682927
atlanta_hawks,28.2,48.0,34.0,105.1,101.4,0.237,0.336,0.552,0.516,13.8,19.1,0.185,0.48,14.4,74.6,0.19399999999999998,2015,0.5853658536585366
boston_celtics,25.2,48.0,34.0,106.8,103.6,0.264,0.293,0.531,0.488,12.1,25.1,0.20800000000000002,0.48700000000000004,14.6,74.6,0.231,2015,0.5853658536585366
charlotte_hornets,26.0,48.0,34.0,107.1,104.3,0.28,0.348,0.545,0.502,11.7,20.0,0.222,0.496,12.5,79.8,0.191,2015,0.5853658536585366
utah_jazz,24.2,40.0,42.0,105.9,103.9,0.28600000000000003,0.297,0.54,0.501,14.2,25.9,0.213,0.495,13.5,77.7,0.21,2015,0.4878048780487805
indiana_pacers,26.9,45.0,37.0,104.6,102.9,0.268,0.27,0.536,0.49700000000000005,13.5,23.4,0.205,0.489,14.3,76.0,0.205,2015,0.5487804878048781
miami_heat,28.4,48.0,34.0,106.1,104.4,0.282,0.221,0.545,0.508,13.3,23.8,0.21,0.485,12.1,77.8,0.196,2015,0.5853658536585366
portland_trail_blazers,24.3,44.0,38.0,108.8,108.0,0.268,0.332,0.5479999999999999,0.511,13.2,25.9,0.20199999999999999,0.503,12.1,76.2,0.225,2015,0.5365853658536586
detroit_pistons,25.0,44.0,38.0,106.1,105.5,0.29600000000000004,0.303,0.522,0.491,12.2,27.0,0.19699999999999998,0.504,12.5,79.3,0.196,2015,0.5365853658536586
houston_rockets,27.8,41.0,41.0,108.3,108.1,0.35200000000000004,0.37,0.5529999999999999,0.516,14.2,25.7,0.244,0.516,14.7,72.8,0.21899999999999997,2015,0.5
dallas_mavericks,30.3,42.0,40.0,106.7,107.0,0.265,0.33899999999999997,0.544,0.502,12.0,20.6,0.21100000000000002,0.504,12.8,76.2,0.198,2015,0.5121951219512195
washington_wizards,27.3,41.0,41.0,105.3,105.8,0.263,0.282,0.544,0.511,13.1,20.6,0.192,0.515,14.6,77.7,0.218,2015,0.5
chicago_bulls,27.6,42.0,40.0,105.0,106.5,0.24,0.244,0.526,0.48700000000000004,12.6,24.5,0.18899999999999997,0.485,10.7,74.9,0.182,2015,0.5121951219512195
orlando_magic,23.9,35.0,47.0,105.1,106.8,0.23199999999999998,0.255,0.5329999999999999,0.5,12.8,23.1,0.175,0.513,13.8,76.5,0.215,2015,0.4268292682926829
memphis_grizzlies,30.5,42.0,40.0,105.4,107.8,0.295,0.222,0.524,0.47700000000000004,12.3,25.3,0.231,0.518,15.2,75.1,0.251,2015,0.5121951219512195
sacramento_kings,26.6,33.0,49.0,106.0,108.4,0.295,0.26,0.546,0.51,14.2,23.9,0.214,0.521,14.0,74.9,0.20199999999999999,2015,0.4024390243902439
new_york_knicks,27.2,32.0,50.0,104.6,107.6,0.255,0.256,0.527,0.483,12.6,23.7,0.205,0.48700000000000004,10.5,75.8,0.204,2015,0.3902439024390244
denver_nuggets,24.7,33.0,49.0,105.6,108.9,0.282,0.27699999999999997,0.531,0.489,13.2,25.8,0.21600000000000003,0.515,12.6,77.3,0.21600000000000003,2015,0.4024390243902439
minnesota_timberwolves,24.6,29.0,53.0,106.5,110.1,0.332,0.20199999999999999,0.5489999999999999,0.498,13.9,24.3,0.263,0.524,13.6,74.7,0.2,2015,0.35365853658536583
new_orleans_pelicans,26.6,30.0,52.0,105.6,109.5,0.259,0.27699999999999997,0.537,0.498,12.3,21.2,0.201,0.523,12.7,78.8,0.225,2015,0.36585365853658536
milwaukee_bucks,23.5,33.0,49.0,104.3,108.7,0.276,0.18899999999999997,0.537,0.499,14.2,24.9,0.207,0.51,14.2,73.1,0.221,2015,0.4024390243902439
phoenix_suns,26.0,23.0,59.0,102.2,109.0,0.271,0.302,0.526,0.48700000000000004,15.2,25.4,0.204,0.523,13.5,77.1,0.237,2015,0.2804878048780488
brooklyn_nets,26.9,21.0,61.0,103.2,110.9,0.24600000000000002,0.218,0.527,0.49200000000000005,13.6,24.1,0.18600000000000003,0.534,13.1,75.7,0.17600000000000002,2015,0.25609756097560976
los_angeles_lakers,26.5,17.0,65.0,101.6,111.6,0.292,0.29,0.509,0.46,12.5,23.1,0.228,0.523,11.6,74.7,0.20199999999999999,2015,0.2073170731707317
philadelphia_76ers,23.3,10.0,72.0,98.8,109.2,0.26899999999999996,0.327,0.519,0.48700000000000004,14.8,20.6,0.18600000000000003,0.51,13.5,74.0,0.24,2015,0.12195121951219512
golden_state_warriors,28.2,67.0,15.0,115.6,104.0,0.259,0.359,0.597,0.563,13.2,22.8,0.204,0.486,13.5,74.9,0.198,2016,0.8170731707317073
san_antonio_spurs,29.6,61.0,21.0,111.1,103.5,0.263,0.281,0.564,0.524,12.6,24.0,0.21,0.49200000000000005,13.5,77.6,0.192,2016,0.7439024390243902
houston_rockets,27.4,55.0,27.0,114.7,109.0,0.304,0.462,0.583,0.545,13.3,24.6,0.233,0.519,13.2,75.8,0.19399999999999998,2016,0.6707317073170732
los_angeles_clippers,30.0,51.0,31.0,112.7,108.2,0.312,0.32899999999999996,0.574,0.537,12.0,21.5,0.233,0.506,12.1,76.9,0.21100000000000002,2016,0.6219512195121951
utah_jazz,26.8,51.0,31.0,109.6,105.3,0.28800000000000003,0.327,0.563,0.526,13.2,23.2,0.215,0.493,11.8,78.9,0.195,2016,0.6219512195121951
toronto_raptors,26.1,51.0,31.0,112.3,107.8,0.293,0.289,0.561,0.517,11.8,25.0,0.233,0.507,13.5,76.3,0.223,2016,0.6219512195121951
cleveland_cavaliers,29.2,51.0,31.0,113.6,110.3,0.275,0.39899999999999997,0.58,0.547,12.6,21.9,0.20600000000000002,0.516,11.4,75.8,0.174,2016,0.6219512195121951
boston_celtics,25.9,53.0,29.0,111.2,108.4,0.273,0.39299999999999996,0.5670000000000001,0.525,12.2,21.2,0.22,0.503,12.6,75.3,0.223,2016,0.6463414634146342
washington_wizards,26.0,49.0,33.0,111.2,109.3,0.254,0.284,0.564,0.528,12.8,24.1,0.19899999999999998,0.524,13.8,75.5,0.213,2016,0.5975609756097561
oklahoma_city_thunder,24.7,47.0,35.0,108.3,107.5,0.295,0.295,0.54,0.5,13.2,27.9,0.22,0.511,12.5,79.0,0.218,2016,0.573170731707317
memphis_grizzlies,29.5,43.0,39.0,107.7,107.1,0.28,0.316,0.535,0.491,12.1,24.8,0.21899999999999997,0.506,13.6,77.5,0.256,2016,0.524390243902439
miami_heat,26.5,41.0,41.0,107.8,106.7,0.251,0.314,0.541,0.512,12.4,24.2,0.177,0.496,12.6,76.4,0.22,2016,0.5
denver_nuggets,25.2,40.0,42.0,113.2,112.7,0.276,0.32899999999999996,0.568,0.53,13.2,27.3,0.214,0.532,10.9,78.7,0.19399999999999998,2016,0.4878048780487805
chicago_bulls,26.9,41.0,41.0,107.4,107.0,0.259,0.256,0.53,0.48700000000000004,12.3,27.0,0.20600000000000002,0.507,12.4,76.8,0.16899999999999998,2016,0.5
charlotte_hornets,26.5,36.0,46.0,108.8,108.6,0.27899999999999997,0.335,0.547,0.501,10.7,19.9,0.22699999999999998,0.523,12.1,79.6,0.16399999999999998,2016,0.43902439024390244
portland_trail_blazers,24.8,41.0,41.0,110.3,110.8,0.275,0.322,0.5589999999999999,0.52,12.5,23.0,0.214,0.508,11.6,76.8,0.24100000000000002,2016,0.5
milwaukee_bucks,25.6,42.0,40.0,109.1,109.3,0.27399999999999997,0.29,0.565,0.527,13.2,21.5,0.21,0.518,13.6,75.4,0.215,2016,0.5121951219512195
indiana_pacers,27.0,42.0,40.0,108.6,108.8,0.261,0.272,0.5579999999999999,0.516,12.8,21.2,0.212,0.512,13.6,75.5,0.225,2016,0.5121951219512195
minnesota_timberwolves,24.0,31.0,51.0,110.8,112.0,0.287,0.249,0.555,0.511,12.9,27.2,0.22899999999999998,0.535,13.2,75.9,0.212,2016,0.3780487804878049
atlanta_hawks,27.9,43.0,39.0,104.9,105.7,0.295,0.309,0.541,0.504,14.2,23.6,0.215,0.507,13.8,76.1,0.179,2016,0.524390243902439
detroit_pistons,25.4,37.0,45.0,106.0,107.1,0.218,0.263,0.521,0.49200000000000005,10.9,24.1,0.157,0.516,12.1,81.2,0.19699999999999998,2016,0.45121951219512196
new_orleans_pelicans,25.7,34.0,48.0,105.2,107.4,0.256,0.308,0.539,0.504,11.7,18.5,0.192,0.509,12.4,76.8,0.177,2016,0.4146341463414634
dallas_mavericks,27.6,33.0,49.0,105.6,108.8,0.225,0.366,0.541,0.505,11.6,18.1,0.18,0.529,14.4,77.6,0.218,2016,0.4024390243902439
sacramento_kings,27.8,32.0,50.0,107.3,111.3,0.284,0.29100000000000004,0.556,0.516,13.7,21.0,0.22,0.528,12.9,76.3,0.22699999999999998,2016,0.3902439024390244
new_york_knicks,27.3,31.0,51.0,107.7,111.5,0.239,0.27899999999999997,0.534,0.496,12.4,26.6,0.188,0.511,11.7,74.1,0.214,2016,0.3780487804878049
phoenix_suns,25.0,24.0,58.0,106.6,112.2,0.297,0.255,0.5379999999999999,0.493,13.4,26.0,0.231,0.525,13.1,76.4,0.264,2016,0.2926829268292683
philadelphia_76ers,24.6,28.0,54.0,103.2,108.9,0.258,0.349,0.539,0.501,14.9,22.4,0.19899999999999998,0.512,13.5,75.3,0.23399999999999999,2016,0.34146341463414637
los_angeles_lakers,25.1,26.0,56.0,106.0,113.0,0.259,0.295,0.537,0.501,13.5,25.0,0.195,0.542,13.0,75.8,0.213,2016,0.3170731707317073
orlando_magic,25.3,29.0,53.0,103.7,110.5,0.24600000000000002,0.3,0.524,0.489,12.1,21.6,0.184,0.523,11.9,77.4,0.201,2016,0.35365853658536583
brooklyn_nets,26.0,20.0,62.0,104.1,110.7,0.289,0.371,0.551,0.507,14.7,19.6,0.228,0.513,11.6,76.1,0.212,2016,0.24390243902439024
houston_rockets,29.3,17.0,4.0,114.7,103.8,0.29600000000000004,0.529,0.6,0.56,14.5,22.6,0.23800000000000002,0.517,14.3,81.7,0.177,2017,0.8095238095238095
golden_state_warriors,29.1,17.0,6.0,115.5,105.0,0.24,0.365,0.618,0.585,14.9,22.2,0.196,0.49200000000000005,13.4,76.7,0.201,2017,0.7391304347826086
toronto_raptors,25.9,14.0,7.0,113.3,106.0,0.259,0.374,0.5870000000000001,0.5539999999999999,13.3,21.9,0.201,0.503,14.0,76.5,0.222,2017,0.6666666666666666
boston_celtics,24.5,19.0,4.0,107.5,100.1,0.281,0.36700000000000005,0.551,0.511,13.3,22.1,0.21600000000000003,0.491,14.1,80.3,0.17800000000000002,2017,0.8260869565217391
washington_wizards,27.0,12.0,10.0,109.8,105.7,0.28600000000000003,0.303,0.56,0.518,12.9,22.6,0.225,0.505,14.0,75.8,0.215,2017,0.5454545454545454
philadelphia_76ers,25.5,12.0,9.0,106.4,105.9,0.271,0.33799999999999997,0.55,0.52,15.1,26.3,0.192,0.495,12.5,79.4,0.237,2017,0.5714285714285714
san_antonio_spurs,29.5,15.0,7.0,107.1,102.9,0.249,0.294,0.546,0.508,13.3,24.2,0.196,0.507,13.7,79.9,0.16399999999999998,2017,0.6818181818181818
utah_jazz,27.0,12.0,11.0,107.5,104.2,0.235,0.363,0.561,0.522,13.9,20.1,0.193,0.52,16.1,77.9,0.209,2017,0.5217391304347826
detroit_pistons,25.7,14.0,7.0,108.8,106.4,0.21100000000000002,0.336,0.556,0.528,13.6,23.9,0.159,0.53,14.9,78.1,0.18,2017,0.6666666666666666
oklahoma_city_thunder,27.3,9.0,12.0,106.3,103.1,0.256,0.361,0.5379999999999999,0.502,13.6,25.6,0.19,0.515,17.1,77.2,0.215,2017,0.42857142857142855
portland_trail_blazers,25.6,13.0,9.0,105.5,101.7,0.278,0.278,0.539,0.49200000000000005,13.9,24.6,0.225,0.483,12.2,80.9,0.196,2017,0.5909090909090909
cleveland_cavaliers,31.3,15.0,7.0,112.9,110.4,0.285,0.386,0.589,0.5479999999999999,13.9,21.4,0.23,0.532,13.0,76.3,0.17800000000000002,2017,0.6818181818181818
new_york_knicks,26.8,11.0,10.0,108.5,107.7,0.24100000000000002,0.278,0.556,0.52,14.7,26.6,0.192,0.511,13.0,77.6,0.19899999999999998,2017,0.5238095238095238
indiana_pacers,26.3,12.0,11.0,109.5,109.2,0.233,0.28800000000000003,0.5670000000000001,0.535,13.0,21.6,0.18,0.537,13.8,76.7,0.153,2017,0.5217391304347826
minnesota_timberwolves,27.0,13.0,10.0,110.9,110.6,0.295,0.271,0.563,0.52,13.1,25.7,0.231,0.547,14.4,76.6,0.163,2017,0.5652173913043478
denver_nuggets,25.0,12.0,9.0,108.8,108.9,0.268,0.345,0.556,0.524,14.7,27.7,0.195,0.546,14.7,78.0,0.158,2017,0.5714285714285714
charlotte_hornets,26.1,8.0,13.0,106.3,107.8,0.34,0.305,0.541,0.499,12.3,22.4,0.24600000000000002,0.512,11.8,80.6,0.18,2017,0.38095238095238093
milwaukee_bucks,25.7,11.0,9.0,106.8,107.8,0.258,0.304,0.5660000000000001,0.535,13.3,17.5,0.18899999999999997,0.524,15.5,76.7,0.239,2017,0.55
new_orleans_pelicans,28.2,11.0,11.0,107.5,108.7,0.25,0.349,0.5710000000000001,0.539,14.7,20.5,0.18899999999999997,0.524,13.7,77.4,0.192,2017,0.5
memphis_grizzlies,27.5,7.0,14.0,103.4,106.7,0.276,0.341,0.5429999999999999,0.499,13.5,18.7,0.21899999999999997,0.505,14.6,76.0,0.23600000000000002,2017,0.3333333333333333
los_angeles_clippers,27.5,8.0,12.0,108.5,109.8,0.294,0.35200000000000004,0.5579999999999999,0.518,14.3,25.0,0.222,0.528,14.1,76.2,0.217,2017,0.4
miami_heat,26.5,11.0,11.0,103.0,105.6,0.22399999999999998,0.389,0.5489999999999999,0.517,15.2,18.9,0.172,0.503,13.4,78.4,0.22399999999999998,2017,0.5
orlando_magic,25.7,9.0,14.0,107.5,111.1,0.24600000000000002,0.353,0.565,0.535,13.6,19.2,0.18100000000000002,0.525,13.1,74.4,0.19699999999999998,2017,0.391304347826087
brooklyn_nets,25.7,8.0,13.0,107.0,110.1,0.301,0.377,0.547,0.51,13.3,21.8,0.21899999999999997,0.526,12.6,77.8,0.218,2017,0.38095238095238093
los_angeles_lakers,23.6,8.0,13.0,102.2,104.2,0.266,0.292,0.537,0.505,14.8,21.6,0.18899999999999997,0.506,14.2,77.5,0.191,2017,0.38095238095238093
dallas_mavericks,28.1,5.0,17.0,102.6,108.1,0.22699999999999998,0.38799999999999996,0.532,0.499,13.1,17.9,0.17300000000000001,0.532,14.1,79.9,0.222,2017,0.22727272727272727
atlanta_hawks,25.9,4.0,17.0,104.9,111.1,0.217,0.32799999999999996,0.552,0.518,14.7,21.0,0.17300000000000001,0.5429999999999999,15.1,73.8,0.193,2017,0.19047619047619047
sacramento_kings,26.5,7.0,15.0,100.3,111.1,0.205,0.24600000000000002,0.517,0.488,13.7,20.9,0.151,0.5529999999999999,14.7,75.9,0.183,2017,0.3181818181818182
phoenix_suns,23.9,8.0,15.0,103.1,111.7,0.287,0.289,0.531,0.49,14.2,24.0,0.215,0.528,12.4,76.4,0.217,2017,0.34782608695652173
chicago_bulls,24.6,3.0,18.0,98.6,110.0,0.185,0.36,0.504,0.475,13.2,20.0,0.14,0.535,12.1,80.7,0.196,2017,0.14285714285714285
